time,"Capacitor V min","Capacitor V max","Capacitor A min","Capacitor A max"
7.654994999773851,0,0,0,0
7.655314999773851,0,0,0,0
7.65563499977385,0,0,0,0
7.655954999773851,0,0,0,0
7.656274999773851,0,0,0,0
7.6565949997738505,0,0,0,0
7.656914999773851,0,0,0,0
7.65723499977385,0,0,0,0
7.657554999773851,0,0,0,0
7.657874999773851,0,0,0,0
7.65819499977385,0,0,0,0
7.658514999773851,0,0,0,0
7.658834999773851,0,0,0,0
7.65915499977385,0,0,0,0
7.659474999773851,0,0,0,0
7.659794999773851,0,0,0,0
7.6601149997738505,0,0,0,0
7.660434999773851,0,0,0,0
7.660754999773851,0,0,0,0
7.6610749997738505,0,0,0,0
7.661394999773851,0,0,0,0
7.66171499977385,0,0,0,0
7.662034999773851,0,0,0,0
7.662354999773851,0,0,0,0
7.66267499977385,0,0,0,0
7.662994999773851,0,0,0,0
7.663314999773851,0,0,0,0
7.66363499977385,0,0,0,0
7.663954999773851,0,0,0,0
7.664274999773851,0,0,0,0
7.6645949997738505,0,0,0,0
7.664914999773851,0,0,0,0
7.66523499977385,0,0,0,0
7.665554999773851,0,0,0,0
7.665874999773851,0,0,0,0
7.66619499977385,0,0,0,0
7.666514999773851,0,0,0,0
7.666834999773851,0,0,0,0
7.66715499977385,0,0,0,0
7.667474999773851,0,0,0,0
7.667794999773851,0,0,0,0
7.6681149997738505,0,0,0,0
7.668434999773851,0,0,0,0
7.668754999773851,0,0,0,0
7.6690749997738505,0,0,0,0
7.669394999773851,0,0,0,0
7.66971499977385,0,0,0,0
7.670034999773851,0,0,0,0
7.670354999773851,0,0,0,0
7.67067499977385,0,0,0,0
7.670994999773851,0,0,0,0
7.671314999773851,0,0,0,0
7.67163499977385,0,0,0,0
7.671954999773851,0,0,0,0
7.672274999773851,0,0,0,0
7.6725949997738505,0,0,0,0
7.672914999773851,0,0,0,0
7.67323499977385,0,0,0,0
7.673554999773851,0,0,0,0
7.673874999773851,0,0,0,0
7.67419499977385,0,0,0,0
7.674514999773851,0,0,0,0
7.674834999773851,0,0,0,0
7.67515499977385,0,0,0,0
7.675474999773851,0,0,0,0
7.675794999773851,0,0,0,0
7.6761149997738505,0,0,0,0
7.676434999773851,0,0,0,0
7.67675499977385,0,0,0,0
7.6770749997738505,0,0,0,0
7.677394999773851,0,0,0,0
7.67771499977385,0,0,0,0
7.678034999773851,0,0,0,0
7.678354999773851,0,0,0,0
7.67867499977385,0,0,0,0
7.678994999773851,0,0,0,0
7.679314999773851,0,0,0,0
7.6796349997738504,0,0,0,0
7.679954999773851,0,0,0,0
7.680274999773851,0,0,0,0
7.6805949997738505,0,0,0,0
7.680914999773851,0,0,0,0
7.68123499977385,0,0,0,0
7.681554999773851,0,0,0,0
7.681874999773851,0,0,0,0
7.68219499977385,0,0,0,0
7.682514999773851,0,0,0,0
7.682834999773851,0,0,0,0
7.68315499977385,0,0,0,0
7.683474999773851,0,0,0,0
7.683794999773851,0,0,0,0
7.6841149997738505,0,0,0,0
7.684434999773851,0,0,0,0
7.68475499977385,0,0,0,0
7.685074999773851,0,0,0,0
7.685394999773851,0,0,0,0
7.68571499977385,0,0,0,0
7.686034999773851,0,0,0,0
7.686354999773851,0,0,0,0
7.68667499977385,0,0,0,0
7.686994999773851,0,0,0,0
7.687314999773851,0,0,0,0
7.6876349997738505,0,0,0,0
7.687954999773851,0,0,0,0
7.688274999773851,0,0,0,0
7.6885949997738505,0,0,0,0
7.688914999773851,0,0,0,0
7.68923499977385,0,0,0,0
7.689554999773851,0,0,0,0
7.689874999773851,0,0,0,0
7.69019499977385,0,0,0,0
7.690514999773851,0,0,0,0
7.690834999773851,0,0,0,0
7.69115499977385,0,0,0,0
7.691474999773851,0,0,0,0
7.691794999773851,0,0,0,0
7.6921149997738505,0,0,0,0
7.692434999773851,0,0,0,0
7.69275499977385,0,0,0,0
7.693074999773851,0,0,0,0
7.693394999773851,0,0,0,0
7.69371499977385,0,0,0,0
7.694034999773851,0,0,0,0
7.694354999773851,0,0,0,0
7.69467499977385,0,0,0,0
7.694994999773851,0,0,0,0
7.695314999773851,0,0,0,0
7.6956349997738505,0,0,0,0
7.695954999773851,0,0,0,0
7.696274999773851,0,0,0,0
7.6965949997738505,0,0,0,0
7.696914999773851,0,0,0,0
7.69723499977385,0,0,0,0
7.697554999773851,0,0,0,0
7.697874999773851,0,0,0,0
7.69819499977385,0,0,0,0
7.698514999773851,0,0,0,0
7.698834999773851,0,0,0,0
7.69915499977385,0,0,0,0
7.699474999773851,0,0,0,0
7.699794999773851,0,0,0,0
7.7001149997738505,0,0,0,0
7.700434999773851,0,0,0,0
7.70075499977385,0,0,0,0
7.701074999773851,0,0,0,0
7.701394999773851,0,0,0,0
7.70171499977385,0,0,0,0
7.702034999773851,0,0,0,0
7.702354999773851,0,0,0,0
7.70267499977385,0,0,0,0
7.702994999773851,0,0,0,0
7.703314999773851,0,0,0,0
7.7036349997738505,0,0,0,0
7.703954999773851,0,0,0,0
7.704274999773851,0,0,0,0
7.7045949997738505,0,0,0,0
7.704914999773851,0,0,0,0
7.70523499977385,0,0,0,0
7.705554999773851,0,0,0,0
7.705874999773851,0,0,0,0
7.70619499977385,0,0,0,0
7.706514999773851,0,0,0,0
7.706834999773851,0,0,0,0
7.70715499977385,0,0,0,0
7.707474999773851,0,0,0,0
7.707794999773851,0,0,0,0
7.7081149997738505,0,0,0,0
7.708434999773851,0,0,0,0
7.70875499977385,0,0,0,0
7.709074999773851,0,0,0,0
7.709394999773851,0,0,0,0
7.70971499977385,0,0,0,0
7.710034999773851,0,5,-3.552713678800501e-15,3.552713678800501e-15
7.710354999773851,5,5,-3.552713678800501e-15,3.552713678800501e-15
7.71067499977385,5,5,-3.552713678800501e-15,3.552713678800501e-15
7.710994999773851,5,5,-3.552713678800501e-15,3.552713678800501e-15
7.711314999773851,5,5,-3.552713678800501e-15,3.552713678800501e-15
7.7116349997738505,5,5,-3.552713678800501e-15,3.552713678800501e-15
7.711954999773851,5,5,-3.552713678800501e-15,3.552713678800501e-15
7.712274999773851,5,5,-3.552713678800501e-15,3.552713678800501e-15
7.7125949997738505,5,5,-3.552713678800501e-15,3.552713678800501e-15
7.712914999773851,5,5,-3.552713678800501e-15,3.552713678800501e-15
7.71323499977385,5,5,-3.552713678800501e-15,3.552713678800501e-15
7.713554999773851,5,5,-3.552713678800501e-15,3.552713678800501e-15
7.713874999773851,5,5,-3.552713678800501e-15,3.552713678800501e-15
7.71419499977385,5,5,-3.552713678800501e-15,3.552713678800501e-15
7.714514999773851,5,5,-3.552713678800501e-15,3.552713678800501e-15
7.714834999773851,5,5,-3.552713678800501e-15,3.552713678800501e-15
7.71515499977385,5,5,-3.552713678800501e-15,3.552713678800501e-15
7.715474999773851,5,5,-3.552713678800501e-15,3.552713678800501e-15
7.715794999773851,5,5,-3.552713678800501e-15,3.552713678800501e-15
7.7161149997738505,5,5,-3.552713678800501e-15,3.552713678800501e-15
7.716434999773851,5,5,-3.552713678800501e-15,3.552713678800501e-15
7.71675499977385,5,5,-3.552713678800501e-15,3.552713678800501e-15
7.717074999773851,5,5,-3.552713678800501e-15,3.552713678800501e-15
7.717394999773851,5,5,-3.552713678800501e-15,3.552713678800501e-15
7.71771499977385,5,5,-3.552713678800501e-15,3.552713678800501e-15
7.718034999773851,5,5,-3.552713678800501e-15,3.552713678800501e-15
7.718354999773851,5,5,-3.552713678800501e-15,3.552713678800501e-15
7.71867499977385,5,5,-3.552713678800501e-15,3.552713678800501e-15
7.718994999773851,5,5,-3.552713678800501e-15,3.552713678800501e-15
7.719314999773851,5,5,-3.552713678800501e-15,3.552713678800501e-15
7.7196349997738505,5,5,-3.552713678800501e-15,3.552713678800501e-15
7.719954999773851,5,5,-3.552713678800501e-15,3.552713678800501e-15
7.720274999773851,5,5,-3.552713678800501e-15,3.552713678800501e-15
7.7205949997738506,5,5,-3.552713678800501e-15,3.552713678800501e-15
7.720914999773851,5,5,-3.552713678800501e-15,3.552713678800501e-15
7.72123499977385,5,5,-3.552713678800501e-15,3.552713678800501e-15
7.721554999773851,5,5,-3.552713678800501e-15,3.552713678800501e-15
7.721874999773851,5,5,-3.552713678800501e-15,3.552713678800501e-15
7.72219499977385,5,5,-3.552713678800501e-15,3.552713678800501e-15
7.722514999773851,5,5,-3.552713678800501e-15,3.552713678800501e-15
7.722834999773851,5,5,-3.552713678800501e-15,3.552713678800501e-15
7.7231549997738504,5,5,-3.552713678800501e-15,3.552713678800501e-15
7.723474999773851,5,5,-3.552713678800501e-15,3.552713678800501e-15
7.723794999773851,5,5,-3.552713678800501e-15,3.552713678800501e-15
7.7241149997738505,5,5,-3.552713678800501e-15,3.552713678800501e-15
7.724434999773851,5,5,-3.552713678800501e-15,3.552713678800501e-15
7.72475499977385,5,5,-3.552713678800501e-15,3.552713678800501e-15
7.725074999773851,5,5,-3.552713678800501e-15,3.552713678800501e-15
7.725394999773851,5,5,-3.552713678800501e-15,3.552713678800501e-15
7.72571499977385,5,5,-3.552713678800501e-15,3.552713678800501e-15
7.726034999773851,5,5,-3.552713678800501e-15,3.552713678800501e-15
7.726354999773851,5,5,-3.552713678800501e-15,3.552713678800501e-15
7.72667499977385,5,5,-3.552713678800501e-15,3.552713678800501e-15
7.726994999773851,5,5,-3.552713678800501e-15,3.552713678800501e-15
7.727314999773851,5,5,-3.552713678800501e-15,3.552713678800501e-15
7.7276349997738505,5,5,-3.552713678800501e-15,3.552713678800501e-15
7.727954999773851,5,5,-3.552713678800501e-15,3.552713678800501e-15
7.72827499977385,5,5,-3.552713678800501e-15,3.552713678800501e-15
7.728594999773851,5,5,-3.552713678800501e-15,3.552713678800501e-15
7.728914999773851,5,5,-3.552713678800501e-15,3.552713678800501e-15
7.72923499977385,5,5,-3.552713678800501e-15,3.552713678800501e-15
7.729554999773851,5,5,-3.552713678800501e-15,3.552713678800501e-15
7.729874999773851,5,5,-3.552713678800501e-15,3.552713678800501e-15
7.73019499977385,5,5,-3.552713678800501e-15,3.552713678800501e-15
7.730514999773851,5,5,-3.552713678800501e-15,3.552713678800501e-15
7.730834999773851,5,5,-3.552713678800501e-15,3.552713678800501e-15
7.7311549997738505,5,5,-3.552713678800501e-15,3.552713678800501e-15
7.731474999773851,5,5,-3.552713678800501e-15,3.552713678800501e-15
7.731794999773851,5,5,-3.552713678800501e-15,3.552713678800501e-15
7.7321149997738505,5,5,-3.552713678800501e-15,3.552713678800501e-15
7.732434999773851,5,5,-3.552713678800501e-15,3.552713678800501e-15
7.73275499977385,5,5,-3.552713678800501e-15,3.552713678800501e-15
7.733074999773851,5,5,-3.552713678800501e-15,3.552713678800501e-15
7.733394999773851,5,5,-3.552713678800501e-15,3.552713678800501e-15
7.73371499977385,5,5,-3.552713678800501e-15,3.552713678800501e-15
7.734034999773851,5,5,-3.552713678800501e-15,3.552713678800501e-15
7.734354999773851,5,5,-3.552713678800501e-15,3.552713678800501e-15
7.73467499977385,5,5,-3.552713678800501e-15,3.552713678800501e-15
7.734994999773851,5,5,-3.552713678800501e-15,3.552713678800501e-15
7.735314999773851,5,5,-3.552713678800501e-15,3.552713678800501e-15
7.7356349997738505,5,5,-3.552713678800501e-15,3.552713678800501e-15
7.735954999773851,5,5,-3.552713678800501e-15,3.552713678800501e-15
7.73627499977385,5,5,-3.552713678800501e-15,3.552713678800501e-15
7.736594999773851,5,5,-3.552713678800501e-15,3.552713678800501e-15
7.736914999773851,5,5,-3.552713678800501e-15,3.552713678800501e-15
7.73723499977385,5,5,-3.552713678800501e-15,3.552713678800501e-15
7.737554999773851,5,5,-3.552713678800501e-15,3.552713678800501e-15
7.737874999773851,5,5,-3.552713678800501e-15,3.552713678800501e-15
7.73819499977385,5,5,-3.552713678800501e-15,3.552713678800501e-15
7.738514999773851,5,5,-3.552713678800501e-15,3.552713678800501e-15
7.738834999773851,5,5,-3.552713678800501e-15,3.552713678800501e-15
7.7391549997738505,5,5,-3.552713678800501e-15,3.552713678800501e-15
7.739474999773851,5,5,-3.552713678800501e-15,3.552713678800501e-15
7.739794999773851,5,5,-3.552713678800501e-15,3.552713678800501e-15
7.7401149997738505,5,5,-3.552713678800501e-15,3.552713678800501e-15
7.740434999773851,5,5,-3.552713678800501e-15,3.552713678800501e-15
7.74075499977385,5,5,-3.552713678800501e-15,3.552713678800501e-15
7.741074999773851,5,5,-3.552713678800501e-15,3.552713678800501e-15
7.741394999773851,5,5,-3.552713678800501e-15,3.552713678800501e-15
7.74171499977385,5,5,-3.552713678800501e-15,3.552713678800501e-15
7.742034999773851,5,5,-3.552713678800501e-15,3.552713678800501e-15
7.742354999773851,5,5,-3.552713678800501e-15,3.552713678800501e-15
7.74267499977385,5,5,-3.552713678800501e-15,3.552713678800501e-15
7.742994999773851,5,5,-3.552713678800501e-15,3.552713678800501e-15
7.743314999773851,5,5,-3.552713678800501e-15,3.552713678800501e-15
7.7436349997738505,5,5,-3.552713678800501e-15,3.552713678800501e-15
7.743954999773851,5,5,-3.552713678800501e-15,3.552713678800501e-15
7.74427499977385,5,5,-3.552713678800501e-15,3.552713678800501e-15
7.744594999773851,5,5,-3.552713678800501e-15,3.552713678800501e-15
7.744914999773851,5,5,-3.552713678800501e-15,3.552713678800501e-15
7.74523499977385,5,5,-3.552713678800501e-15,3.552713678800501e-15
7.745554999773851,5,5,-3.552713678800501e-15,3.552713678800501e-15
7.745874999773851,5,5,-3.552713678800501e-15,3.552713678800501e-15
7.74619499977385,5,5,-3.552713678800501e-15,3.552713678800501e-15
7.746514999773851,5,5,-3.552713678800501e-15,3.552713678800501e-15
7.746834999773851,5,5,-3.552713678800501e-15,3.552713678800501e-15
7.7471549997738505,5,5,-3.552713678800501e-15,3.552713678800501e-15
7.747474999773851,5,5,-3.552713678800501e-15,3.552713678800501e-15
7.747794999773851,5,5,-3.552713678800501e-15,3.552713678800501e-15
7.7481149997738505,5,5,-3.552713678800501e-15,3.552713678800501e-15
7.748434999773851,5,5,-3.552713678800501e-15,3.552713678800501e-15
7.74875499977385,5,5,-3.552713678800501e-15,3.552713678800501e-15
7.749074999773851,5,5,-3.552713678800501e-15,3.552713678800501e-15
7.749394999773851,5,5,-3.552713678800501e-15,3.552713678800501e-15
7.74971499977385,5,5,-3.552713678800501e-15,3.552713678800501e-15
7.750034999773851,5,5,-3.552713678800501e-15,3.552713678800501e-15
7.750354999773851,5,5,-3.552713678800501e-15,3.552713678800501e-15
7.75067499977385,5,5,-3.552713678800501e-15,3.552713678800501e-15
7.750994999773851,5,5,-3.552713678800501e-15,3.552713678800501e-15
7.751314999773851,5,5,-3.552713678800501e-15,3.552713678800501e-15
7.7516349997738505,5,5,-3.552713678800501e-15,3.552713678800501e-15
7.751954999773851,5,5,-3.552713678800501e-15,3.552713678800501e-15
7.75227499977385,5,5,-3.552713678800501e-15,3.552713678800501e-15
7.752594999773851,5,5,-3.552713678800501e-15,3.552713678800501e-15
7.752914999773851,5,5,-3.552713678800501e-15,3.552713678800501e-15
7.75323499977385,5,5,-3.552713678800501e-15,3.552713678800501e-15
7.753554999773851,5,5,-3.552713678800501e-15,3.552713678800501e-15
7.753874999773851,5,5,-3.552713678800501e-15,3.552713678800501e-15
7.75419499977385,5,5,-3.552713678800501e-15,3.552713678800501e-15
7.754514999773851,5,5,-3.552713678800501e-15,3.552713678800501e-15
7.754834999773851,5,5,-3.552713678800501e-15,3.552713678800501e-15
7.7551549997738505,5,5,-3.552713678800501e-15,3.552713678800501e-15
7.755474999773851,5,5,-3.552713678800501e-15,3.552713678800501e-15
7.755794999773851,5,5,-3.552713678800501e-15,3.552713678800501e-15
7.7561149997738505,5,5,-3.552713678800501e-15,3.552713678800501e-15
7.756434999773851,5,5,-3.552713678800501e-15,3.552713678800501e-15
7.75675499977385,5,5,-3.552713678800501e-15,3.552713678800501e-15
7.757074999773851,5,5,-3.552713678800501e-15,3.552713678800501e-15
7.757394999773851,5,5,-3.552713678800501e-15,3.552713678800501e-15
7.75771499977385,5,5,-3.552713678800501e-15,3.552713678800501e-15
7.758034999773851,5,5,-3.552713678800501e-15,3.552713678800501e-15
7.758354999773851,5,5,-3.552713678800501e-15,3.552713678800501e-15
7.7586749997738504,5,5,-3.552713678800501e-15,3.552713678800501e-15
7.758994999773851,5,5,-3.552713678800501e-15,3.552713678800501e-15
7.759314999773851,5,5,-3.552713678800501e-15,3.552713678800501e-15
7.7596349997738505,5,5,-3.552713678800501e-15,3.552713678800501e-15
7.759954999773851,5,5,-3.552713678800501e-15,3.552713678800501e-15
7.76027499977385,5,5,-3.552713678800501e-15,3.552713678800501e-15
7.760594999773851,5,5,-3.552713678800501e-15,3.552713678800501e-15
7.760914999773851,5,5,-3.552713678800501e-15,3.552713678800501e-15
7.76123499977385,5,5,-3.552713678800501e-15,3.552713678800501e-15
7.761554999773851,5,5,-3.552713678800501e-15,3.552713678800501e-15
7.761874999773851,5,5,-3.552713678800501e-15,3.552713678800501e-15
7.76219499977385,5,5,-3.552713678800501e-15,3.552713678800501e-15
7.762514999773851,5,5,-3.552713678800501e-15,3.552713678800501e-15
7.762834999773851,5,5,-3.552713678800501e-15,3.552713678800501e-15
7.7631549997738505,5,5,-3.552713678800501e-15,3.552713678800501e-15
7.763474999773851,5,5,-3.552713678800501e-15,3.552713678800501e-15
7.76379499977385,5,5,-3.552713678800501e-15,3.552713678800501e-15
7.764114999773851,5,5,-3.552713678800501e-15,3.552713678800501e-15
7.764434999773851,5,5,-3.552713678800501e-15,3.552713678800501e-15
7.76475499977385,5,5,-3.552713678800501e-15,3.552713678800501e-15
7.765074999773851,5,5,-3.552713678800501e-15,3.552713678800501e-15
7.765394999773851,5,5,-3.552713678800501e-15,3.552713678800501e-15
7.76571499977385,5,5,-3.552713678800501e-15,3.552713678800501e-15
7.766034999773851,5,5,-3.552713678800501e-15,3.552713678800501e-15
7.766354999773851,5,5,-3.552713678800501e-15,3.552713678800501e-15
7.7666749997738505,5,5,-3.552713678800501e-15,3.552713678800501e-15
7.766994999773851,5,5,-3.552713678800501e-15,3.552713678800501e-15
7.767314999773851,5,5,-3.552713678800501e-15,3.552713678800501e-15
7.7676349997738505,5,5,-3.552713678800501e-15,3.552713678800501e-15
7.767954999773851,5,5,-3.552713678800501e-15,3.552713678800501e-15
7.76827499977385,5,5,-3.552713678800501e-15,3.552713678800501e-15
7.768594999773851,5,5,-3.552713678800501e-15,3.552713678800501e-15
7.768914999773851,5,5,-3.552713678800501e-15,3.552713678800501e-15
7.76923499977385,5,5,-3.552713678800501e-15,3.552713678800501e-15
7.769554999773851,5,5,-3.552713678800501e-15,3.552713678800501e-15
7.769874999773851,5,5,-3.552713678800501e-15,3.552713678800501e-15
7.77019499977385,5,5,-3.552713678800501e-15,3.552713678800501e-15
7.770514999773851,5,5,-3.552713678800501e-15,3.552713678800501e-15
7.770834999773851,5,5,-3.552713678800501e-15,3.552713678800501e-15
7.7711549997738505,5,5,-3.552713678800501e-15,3.552713678800501e-15
7.771474999773851,5,5,-3.552713678800501e-15,3.552713678800501e-15
7.771794999773851,5,5,-3.552713678800501e-15,3.552713678800501e-15
7.772114999773851,5,5,-3.552713678800501e-15,3.552713678800501e-15
7.772434999773851,5,5,-3.552713678800501e-15,3.552713678800501e-15
7.77275499977385,5,5,-3.552713678800501e-15,3.552713678800501e-15
7.773074999773851,5,5,-3.552713678800501e-15,3.552713678800501e-15
7.773394999773851,5,5,-3.552713678800501e-15,3.552713678800501e-15
7.77371499977385,5,5,-3.552713678800501e-15,3.552713678800501e-15
7.774034999773851,5,5,-3.552713678800501e-15,3.552713678800501e-15
7.774354999773851,5,5,-3.552713678800501e-15,3.552713678800501e-15
7.7746749997738505,5,5,-3.552713678800501e-15,3.552713678800501e-15
7.774994999773851,5,5,-3.552713678800501e-15,3.552713678800501e-15
7.775314999773851,5,5,-3.552713678800501e-15,3.552713678800501e-15
7.7756349997738505,5,5,-3.552713678800501e-15,3.552713678800501e-15
7.775954999773851,5,5,-3.552713678800501e-15,3.552713678800501e-15
7.77627499977385,5,5,-3.552713678800501e-15,3.552713678800501e-15
7.776594999773851,5,5,-3.552713678800501e-15,3.552713678800501e-15
7.776914999773851,5,5,-3.552713678800501e-15,3.552713678800501e-15
7.77723499977385,5,5,-3.552713678800501e-15,3.552713678800501e-15
7.777554999773851,5,5,-3.552713678800501e-15,3.552713678800501e-15
7.777874999773851,5,5,-3.552713678800501e-15,3.552713678800501e-15
7.77819499977385,5,5,-3.552713678800501e-15,3.552713678800501e-15
7.778514999773851,5,5,-3.552713678800501e-15,3.552713678800501e-15
7.778834999773851,5,5,-3.552713678800501e-15,3.552713678800501e-15
7.7791549997738505,5,5,-3.552713678800501e-15,3.552713678800501e-15
7.779474999773851,5,5,-3.552713678800501e-15,3.552713678800501e-15
7.77979499977385,5,5,-3.552713678800501e-15,3.552713678800501e-15
7.780114999773851,5,5,-3.552713678800501e-15,3.552713678800501e-15
7.780434999773851,5,5,-3.552713678800501e-15,3.552713678800501e-15
7.78075499977385,5,5,-3.552713678800501e-15,3.552713678800501e-15
7.781074999773851,5,5,-3.552713678800501e-15,3.552713678800501e-15
7.781394999773851,5,5,-3.552713678800501e-15,3.552713678800501e-15
7.78171499977385,5,5,-3.552713678800501e-15,3.552713678800501e-15
7.782034999773851,5,5,-3.552713678800501e-15,3.552713678800501e-15
7.782354999773851,5,5,-3.552713678800501e-15,3.552713678800501e-15
7.7826749997738505,5,5,-3.552713678800501e-15,3.552713678800501e-15
7.782994999773851,5,5,-3.552713678800501e-15,3.552713678800501e-15
7.783314999773851,5,5,-3.552713678800501e-15,3.552713678800501e-15
7.7836349997738505,5,5,-3.552713678800501e-15,3.552713678800501e-15
7.783954999773851,5,5,-3.552713678800501e-15,3.552713678800501e-15
7.78427499977385,5,5,-3.552713678800501e-15,3.552713678800501e-15
7.784594999773851,5,5,-3.552713678800501e-15,3.552713678800501e-15
7.784914999773851,5,5,-3.552713678800501e-15,3.552713678800501e-15
7.78523499977385,5,5,-3.552713678800501e-15,3.552713678800501e-15
7.785554999773851,5,5,-3.552713678800501e-15,3.552713678800501e-15
7.785874999773851,5,5,-3.552713678800501e-15,3.552713678800501e-15
7.78619499977385,5,5,-3.552713678800501e-15,3.552713678800501e-15
7.786514999773851,5,5,-3.552713678800501e-15,3.552713678800501e-15
7.786834999773851,5,5,-3.552713678800501e-15,3.552713678800501e-15
7.7871549997738505,5,5,-3.552713678800501e-15,3.552713678800501e-15
7.787474999773851,5,5,-3.552713678800501e-15,3.552713678800501e-15
7.78779499977385,5,5,-3.552713678800501e-15,3.552713678800501e-15
7.788114999773851,5,5,-3.552713678800501e-15,3.552713678800501e-15
7.788434999773851,5,5,-3.552713678800501e-15,3.552713678800501e-15
7.78875499977385,5,5,-3.552713678800501e-15,3.552713678800501e-15
7.789074999773851,5,5,-3.552713678800501e-15,3.552713678800501e-15
7.789394999773851,5,5,-3.552713678800501e-15,3.552713678800501e-15
7.78971499977385,5,5,-3.552713678800501e-15,3.552713678800501e-15
7.790034999773851,5,5,-3.552713678800501e-15,3.552713678800501e-15
7.790354999773851,5,5,-3.552713678800501e-15,3.552713678800501e-15
7.7906749997738505,5,5,-3.552713678800501e-15,3.552713678800501e-15
7.790994999773851,5,5,-3.552713678800501e-15,3.552713678800501e-15
7.791314999773851,5,5,-3.552713678800501e-15,3.552713678800501e-15
7.7916349997738505,5,5,-3.552713678800501e-15,3.552713678800501e-15
7.791954999773851,5,5,-3.552713678800501e-15,3.552713678800501e-15
7.79227499977385,5,5,-3.552713678800501e-15,3.552713678800501e-15
7.792594999773851,5,5,-3.552713678800501e-15,3.552713678800501e-15
7.792914999773851,5,5,-3.552713678800501e-15,3.552713678800501e-15
7.79323499977385,5,5,-3.552713678800501e-15,3.552713678800501e-15
7.793554999773851,5,5,-3.552713678800501e-15,3.552713678800501e-15
7.793874999773851,5,5,-3.552713678800501e-15,3.552713678800501e-15
7.79419499977385,5,5,-3.552713678800501e-15,3.552713678800501e-15
7.794514999773851,5,5,-3.552713678800501e-15,3.552713678800501e-15
7.794834999773851,5,5,-3.552713678800501e-15,3.552713678800501e-15
7.7951549997738505,5,5,-3.552713678800501e-15,3.552713678800501e-15
7.795474999773851,5,5,-3.552713678800501e-15,3.552713678800501e-15
7.79579499977385,5,5,-3.552713678800501e-15,3.552713678800501e-15
7.796114999773851,5,5,-3.552713678800501e-15,3.552713678800501e-15
7.796434999773851,5,5,-3.552713678800501e-15,3.552713678800501e-15
7.79675499977385,5,5,-3.552713678800501e-15,3.552713678800501e-15
7.797074999773851,5,5,-3.552713678800501e-15,3.552713678800501e-15
7.797394999773851,5,5,-3.552713678800501e-15,3.552713678800501e-15
7.79771499977385,5,5,-3.552713678800501e-15,3.552713678800501e-15
7.798034999773851,5,5,-3.552713678800501e-15,3.552713678800501e-15
7.798354999773851,5,5,-3.552713678800501e-15,3.552713678800501e-15
7.7986749997738505,5,5,-3.552713678800501e-15,3.552713678800501e-15
7.798994999773851,5,5,-3.552713678800501e-15,3.552713678800501e-15
7.79931499977385,5,5,-3.552713678800501e-15,3.552713678800501e-15
7.7996349997738506,5,5,-3.552713678800501e-15,3.552713678800501e-15
7.799954999773851,5,5,-3.552713678800501e-15,3.552713678800501e-15
7.80027499977385,5,5,-3.552713678800501e-15,3.552713678800501e-15
7.800594999773851,5,5,-3.552713678800501e-15,3.552713678800501e-15
7.800914999773851,5,5,-3.552713678800501e-15,3.552713678800501e-15
7.80123499977385,5,5,-3.552713678800501e-15,3.552713678800501e-15
7.801554999773851,5,5,-3.552713678800501e-15,3.552713678800501e-15
7.801874999773851,5,5,-3.552713678800501e-15,3.552713678800501e-15
7.8021949997738504,5,5,-3.552713678800501e-15,3.552713678800501e-15
7.802514999773851,5,5,-3.552713678800501e-15,3.552713678800501e-15
7.802834999773851,5,5,-3.552713678800501e-15,3.552713678800501e-15
7.8031549997738505,5,5,-3.552713678800501e-15,3.552713678800501e-15
7.803474999773851,5,5,-3.552713678800501e-15,3.552713678800501e-15
7.80379499977385,5,5,-3.552713678800501e-15,3.552713678800501e-15
7.804114999773851,5,5,-3.552713678800501e-15,3.552713678800501e-15
7.804434999773851,5,5,-3.552713678800501e-15,3.552713678800501e-15
7.80475499977385,5,5,-3.552713678800501e-15,3.552713678800501e-15
7.805074999773851,5,5,-3.552713678800501e-15,3.552713678800501e-15
7.805394999773851,5,5,-3.552713678800501e-15,3.552713678800501e-15
7.80571499977385,5,5,-3.552713678800501e-15,3.552713678800501e-15
7.806034999773851,5,5,-3.552713678800501e-15,3.552713678800501e-15
7.806354999773851,5,5,-3.552713678800501e-15,3.552713678800501e-15
7.8066749997738505,5,5,-3.552713678800501e-15,3.552713678800501e-15
7.806994999773851,5,5,-3.552713678800501e-15,3.552713678800501e-15
7.807314999773851,5,5,-3.552713678800501e-15,3.552713678800501e-15
7.807634999773851,5,5,-3.552713678800501e-15,3.552713678800501e-15
7.807954999773851,5,5,-3.552713678800501e-15,3.552713678800501e-15
7.80827499977385,5,5,-3.552713678800501e-15,3.552713678800501e-15
7.808594999773851,5,5,-3.552713678800501e-15,3.552713678800501e-15
7.808914999773851,5,5,-3.552713678800501e-15,3.552713678800501e-15
7.80923499977385,5,5,-3.552713678800501e-15,3.552713678800501e-15
7.809554999773851,5,5,-3.552713678800501e-15,3.552713678800501e-15
7.809874999773851,5,5,-3.552713678800501e-15,3.552713678800501e-15
7.8101949997738505,5,5,-3.552713678800501e-15,3.552713678800501e-15
7.810514999773851,5,5,-3.552713678800501e-15,3.552713678800501e-15
7.810834999773851,5,5,-3.552713678800501e-15,3.552713678800501e-15
7.8111549997738505,5,5,-3.552713678800501e-15,3.552713678800501e-15
7.811474999773851,5,5,-3.552713678800501e-15,3.552713678800501e-15
7.81179499977385,5,5,-3.552713678800501e-15,3.552713678800501e-15
7.812114999773851,5,5,-3.552713678800501e-15,3.552713678800501e-15
7.812434999773851,5,5,-3.552713678800501e-15,3.552713678800501e-15
7.81275499977385,5,5,-3.552713678800501e-15,3.552713678800501e-15
7.813074999773851,5,5,-3.552713678800501e-15,3.552713678800501e-15
7.813394999773851,5,5,-3.552713678800501e-15,3.552713678800501e-15
7.81371499977385,5,5,-3.552713678800501e-15,3.552713678800501e-15
7.814034999773851,5,5,-3.552713678800501e-15,3.552713678800501e-15
7.814354999773851,5,5,-3.552713678800501e-15,3.552713678800501e-15
7.8146749997738505,5,5,-3.552713678800501e-15,3.552713678800501e-15
7.814994999773851,5,5,-3.552713678800501e-15,3.552713678800501e-15
7.81531499977385,5,5,-3.552713678800501e-15,3.552713678800501e-15
7.815634999773851,5,5,-3.552713678800501e-15,3.552713678800501e-15
7.815954999773851,5,5,-3.552713678800501e-15,3.552713678800501e-15
7.81627499977385,5,5,-3.552713678800501e-15,3.552713678800501e-15
7.816594999773851,5,5,-3.552713678800501e-15,3.552713678800501e-15
7.816914999773851,5,5,-3.552713678800501e-15,3.552713678800501e-15
7.81723499977385,5,5,-3.552713678800501e-15,3.552713678800501e-15
7.817554999773851,5,5,-3.552713678800501e-15,3.552713678800501e-15
7.817874999773851,5,5,-3.552713678800501e-15,3.552713678800501e-15
7.8181949997738505,5,5,-3.552713678800501e-15,3.552713678800501e-15
7.818514999773851,5,5,-3.552713678800501e-15,3.552713678800501e-15
7.818834999773851,5,5,-3.552713678800501e-15,3.552713678800501e-15
7.8191549997738505,5,5,-3.552713678800501e-15,3.552713678800501e-15
7.819474999773851,5,5,-3.552713678800501e-15,3.552713678800501e-15
7.81979499977385,5,5,-3.552713678800501e-15,3.552713678800501e-15
7.820114999773851,5,5,-3.552713678800501e-15,3.552713678800501e-15
7.820434999773851,5,5,-3.552713678800501e-15,3.552713678800501e-15
7.82075499977385,5,5,-3.552713678800501e-15,3.552713678800501e-15
7.821074999773851,5,5,-3.552713678800501e-15,3.552713678800501e-15
7.821394999773851,5,5,-3.552713678800501e-15,3.552713678800501e-15
7.82171499977385,5,5,-3.552713678800501e-15,3.552713678800501e-15
7.822034999773851,5,5,-3.552713678800501e-15,3.552713678800501e-15
7.822354999773851,5,5,-3.552713678800501e-15,3.552713678800501e-15
7.8226749997738505,5,5,-3.552713678800501e-15,3.552713678800501e-15
7.822994999773851,5,5,-3.552713678800501e-15,3.552713678800501e-15
7.823314999773851,5,5,-3.552713678800501e-15,3.552713678800501e-15
7.823634999773851,5,5,-3.552713678800501e-15,3.552713678800501e-15
7.823954999773851,5,5,-3.552713678800501e-15,3.552713678800501e-15
7.82427499977385,5,5,-3.552713678800501e-15,3.552713678800501e-15
7.824594999773851,5,5,-3.552713678800501e-15,3.552713678800501e-15
7.824914999773851,5,5,-3.552713678800501e-15,3.552713678800501e-15
7.82523499977385,5,5,-3.552713678800501e-15,3.552713678800501e-15
7.825554999773851,5,5,-3.552713678800501e-15,3.552713678800501e-15
7.825874999773851,5,5,-3.552713678800501e-15,3.552713678800501e-15
7.8261949997738505,5,5,-3.552713678800501e-15,3.552713678800501e-15
7.826514999773851,5,5,-3.552713678800501e-15,3.552713678800501e-15
7.826834999773851,5,5,-3.552713678800501e-15,3.552713678800501e-15
7.8271549997738505,5,5,-3.552713678800501e-15,3.552713678800501e-15
7.827474999773851,5,5,-3.552713678800501e-15,3.552713678800501e-15
7.82779499977385,5,5,-3.552713678800501e-15,3.552713678800501e-15
7.828114999773851,5,5,-3.552713678800501e-15,3.552713678800501e-15
7.828434999773851,5,5,-3.552713678800501e-15,3.552713678800501e-15
7.82875499977385,5,5,-3.552713678800501e-15,3.552713678800501e-15
7.829074999773851,5,5,-3.552713678800501e-15,3.552713678800501e-15
7.829394999773851,5,5,-3.552713678800501e-15,3.552713678800501e-15
7.82971499977385,5,5,-3.552713678800501e-15,3.552713678800501e-15
7.830034999773851,5,5,-3.552713678800501e-15,3.552713678800501e-15
7.830354999773851,5,5,-3.552713678800501e-15,3.552713678800501e-15
7.8306749997738505,5,5,-3.552713678800501e-15,3.552713678800501e-15
7.830994999773851,5,5,-3.552713678800501e-15,3.552713678800501e-15
7.83131499977385,5,5,-3.552713678800501e-15,3.552713678800501e-15
7.831634999773851,5,5,-3.552713678800501e-15,3.552713678800501e-15
7.831954999773851,5,5,-3.552713678800501e-15,3.552713678800501e-15
7.83227499977385,5,5,-3.552713678800501e-15,3.552713678800501e-15
7.832594999773851,5,5,-3.552713678800501e-15,3.552713678800501e-15
7.832914999773851,5,5,-3.552713678800501e-15,3.552713678800501e-15
7.83323499977385,5,5,-3.552713678800501e-15,3.552713678800501e-15
7.833554999773851,5,5,-3.552713678800501e-15,3.552713678800501e-15
7.833874999773851,5,5,-3.552713678800501e-15,3.552713678800501e-15
7.8341949997738505,5,5,-3.552713678800501e-15,3.552713678800501e-15
7.834514999773851,5,5,-3.552713678800501e-15,3.552713678800501e-15
7.834834999773851,5,5,-3.552713678800501e-15,3.552713678800501e-15
7.8351549997738505,5,5,-3.552713678800501e-15,3.552713678800501e-15
7.835474999773851,5,5,-3.552713678800501e-15,3.552713678800501e-15
7.83579499977385,5,5,-3.552713678800501e-15,3.552713678800501e-15
7.836114999773851,5,5,-3.552713678800501e-15,3.552713678800501e-15
7.836434999773851,5,5,-3.552713678800501e-15,3.552713678800501e-15
7.83675499977385,5,5,-3.552713678800501e-15,3.552713678800501e-15
7.837074999773851,5,5,-3.552713678800501e-15,3.552713678800501e-15
7.837394999773851,5,5,-3.552713678800501e-15,3.552713678800501e-15
7.83771499977385,5,5,-3.552713678800501e-15,3.552713678800501e-15
7.838034999773851,5,5,-3.552713678800501e-15,3.552713678800501e-15
7.838354999773851,5,5,-3.552713678800501e-15,3.552713678800501e-15
7.8386749997738505,5,5,-3.552713678800501e-15,3.552713678800501e-15
7.838994999773851,5,5,-3.552713678800501e-15,3.552713678800501e-15
7.83931499977385,5,5,-3.552713678800501e-15,3.552713678800501e-15
7.839634999773851,5,5,-3.552713678800501e-15,3.552713678800501e-15
7.839954999773851,5,5,-3.552713678800501e-15,3.552713678800501e-15
7.84027499977385,5,5,-3.552713678800501e-15,3.552713678800501e-15
7.840594999773851,5,5,-3.552713678800501e-15,3.552713678800501e-15
7.840914999773851,4.994577997498941,5,-0.0004999825006137826,3.552713678800501e-15
7.84123499977385,4.978621052202003,4.994577997498941,-0.0004994577997514682,-0.0004978621052202925
7.841554999773851,4.9627150870085615,4.978621052202003,-0.0004978621052202925,-0.0004962715087017955
7.841874999773851,4.9468599390446375,4.9627150870085615,-0.0004962715087017955,-0.0004946859939067849
7.8421949997738505,4.931055445956641,4.9468599390446375,-0.0004946859939067849,-0.0004931055445958066
7.842514999773851,4.915301445909649,4.931055445956641,-0.0004931055445958066,-0.0004915301445898024
7.842834999773851,4.899597777585791,4.915301445909649,-0.0004915301445898024,-0.0004899597777558995
7.8431549997738506,4.883944280182597,4.899597777585791,-0.0004899597777558995,-0.0004883944280180685
7.843474999773851,4.868340793411307,4.883944280182597,-0.0004883944280180685,-0.00048683407933935996
7.84379499977385,4.852787157495278,4.868340793411307,-0.00048683407933935996,-0.00048527871574677306
7.844114999773851,4.837283213168326,4.852787157495278,-0.00048527871574677306,-0.00048372832131704513
7.844434999773851,4.821828801673104,4.837283213168326,-0.00048372832131704513,-0.000482182880169546
7.84475499977385,4.806423764759465,4.821828801673104,-0.000482182880169546,-0.0004806423764769363
7.845074999773851,4.79106794468286,4.806423764759465,-0.0004806423764769363,-0.00047910679446871995
7.845394999773851,4.775761184202703,4.79106794468286,-0.00047910679446871995,-0.0004775761184205862
7.8457149997738505,4.760503326580759,4.775761184202703,-0.0004775761184205862,-0.00047605033265796237
7.846034999773851,4.7452942155795546,4.760503326580759,-0.00047605033265796237,-0.00047452942155601363
7.846354999773851,4.730133695460775,4.7452942155795546,-0.00047452942155601363,-0.00047301336954674866
7.8466749997738505,4.715021610983668,4.730133695460775,-0.00047301336954674866,-0.00047150216109770327
7.846994999773851,4.699957807403456,4.715021610983668,-0.00047150216109770327,-0.0004699957807403621
7.84731499977385,4.6849421304697465,4.699957807403456,-0.0004699957807403621,-0.0004684942130452896
7.847634999773851,4.669974426424944,4.6849421304697465,-0.0004684942130452896,-0.00046699744263989373
7.847954999773851,4.655054542002708,4.669974426424944,-0.00046699744263989373,-0.0004655054542013204
7.84827499977385,4.640182324426328,4.655054542002708,-0.0004655054542013204,-0.0004640182324422426
7.848594999773851,4.6253576214072165,4.640182324426328,-0.0004640182324422426,-0.00046253576213928227
7.848914999773851,4.610580281143332,4.6253576214072165,-0.00046253576213928227,-0.00046105802811524654
7.84923499977385,4.595850152317596,4.610580281143332,-0.00046105802811524654,-0.00045958501522846973
7.849554999773851,4.5811670840963785,4.595850152317596,-0.00045958501522846973,-0.0004581167084118931
7.849874999773851,4.566530926127946,4.5811670840963785,-0.0004581167084118931,-0.00045665309261266884
7.8501949997738505,4.551941528540908,4.566530926127946,-0.00045665309261266884,-0.00045519415285610876
7.850514999773851,4.537398741942696,4.551941528540908,-0.00045519415285610876,-0.0004537398741923937
7.85083499977385,4.522902417418017,4.537398741942696,-0.0004537398741923937,-0.0004522902417427588
7.851154999773851,4.508452406527355,4.522902417418017,-0.0004522902417427588,-0.0004508452406533081
7.851474999773851,4.494048561305429,4.508452406527355,-0.0004508452406533081,-0.00044940485613054193
7.85179499977385,4.479690734259687,4.494048561305429,-0.00044940485613054193,-0.00044796907342714576
7.852114999773851,4.465378778368801,4.479690734259687,-0.00044796907342714576,-0.00044653787783488497
7.852434999773851,4.451112547081146,4.465378778368801,-0.00044653787783488497,-0.00044511125470947377
7.85275499977385,4.436891894313312,4.451112547081146,-0.00044511125470947377,-0.0004436891894314954
7.853074999773851,4.422716674448598,4.436891894313312,-0.0004436891894314954,-0.00044227166744192914
7.853394999773851,4.408586742335543,4.422716674448598,-0.00044227166744192914,-0.0004408586742350451
7.8537149997738505,4.394501953286395,4.408586742335543,-0.0004408586742350451,-0.0004394501953299823
7.854034999773851,4.380462163075693,4.394501953286395,-0.0004394501953299823,-0.00043804621630982865
7.854354999773851,4.366467227938729,4.380462163075693,-0.00043804621630982865,-0.00043664672279319916
7.8546749997738505,4.352517004570114,4.366467227938729,-0.00043664672279319916,-0.0004352517004555523
7.854994999773851,4.338611350122298,4.352517004570114,-0.0004352517004555523,-0.000433861135014979
7.85531499977385,4.324750122204084,4.338611350122298,-0.000433861135014979,-0.00043247501222154483
7.855634999773851,4.31093317887924,4.324750122204084,-0.00043247501222154483,-0.00043109331788926397
7.855954999773851,4.297160378664966,4.31093317887924,-0.00043109331788926397,-0.00042971603786767787
7.85627499977385,4.283431580530499,4.297160378664966,-0.00042971603786767787,-0.0004283431580525132
7.856594999773851,4.269746643895626,4.283431580530499,-0.0004283431580525132,-0.0004269746643892347
7.856914999773851,4.2561054286292785,4.269746643895626,-0.0004269746643892347,-0.00042561054286238686
7.85723499977385,4.242507795048093,4.2561054286292785,-0.00042561054286238686,-0.00042425077950625223
7.857554999773851,4.228953603914975,4.242507795048093,-0.00042425077950625223,-0.00042289536039064046
7.857874999773851,4.2154427164376465,4.228953603914975,-0.00042289536039064046,-0.00042154427164575736
7.8581949997738505,4.201974994267273,4.2154427164376465,-0.00042154427164575736,-0.0004201974994266777
7.858514999773851,4.188550299497028,4.201974994267273,-0.0004201974994266777,-0.00041885502994887247
7.858834999773851,4.175168494660665,4.188550299497028,-0.00041885502994887247,-0.0004175168494668924
7.859154999773851,4.161829442731118,4.175168494660665,-0.0004175168494668924,-0.00041618294427081537
7.859474999773851,4.14853300711912,4.161829442731118,-0.00041618294427081537,-0.0004148533007146682
7.85979499977385,4.135279051671773,4.14853300711912,-0.0004148533007146682,-0.0004135279051702412
7.860114999773851,4.122067440671183,4.135279051671773,-0.0004135279051702412,-0.0004122067440661681
7.860434999773851,4.108898038833016,4.122067440671183,-0.0004122067440661681,-0.00041088980388437335
7.86075499977385,4.095770711305207,4.108898038833016,-0.00041088980388437335,-0.00040957707113165043
7.861074999773851,4.082685323666491,4.095770711305207,-0.00040957707113165043,-0.00040826853236453076
7.861394999773851,4.069641741925058,4.082685323666491,-0.00040826853236453076,-0.0004069641741928365
7.8617149997738505,4.056639832517186,4.069641741925058,-0.0004069641741928365,-0.00040566398325125874
7.862034999773851,4.0436794623058745,4.056639832517186,-0.00040566398325125874,-0.0004043679462313321
7.862354999773851,4.030760498579479,4.0436794623058745,-0.0004043679462313321,-0.00040307604985656553
7.8626749997738505,4.017882809050331,4.030760498579479,-0.00040307604985656553,-0.00040178828090731145
7.862994999773851,4.005046261853426,4.017882809050331,-0.00040178828090731145,-0.0004005046261852385
7.86331499977385,3.992250725545025,4.005046261853426,-0.0004005046261852385,-0.00039922507255418793
7.863634999773851,3.9794960691013603,3.992250725545025,-0.00039922507255418793,-0.0003979496069099753
7.863954999773851,3.9667821619172408,3.9794960691013603,-0.0003979496069099753,-0.00039667821619282506
7.86427499977385,3.9541088738047536,3.9667821619172408,-0.00039667821619282506,-0.0003954108873802653
7.864594999773851,3.9414760749919164,3.9541088738047536,-0.0003954108873802653,-0.000394147607499562
7.864914999773851,3.9288836361213355,3.9414760749919164,-0.000394147607499562,-0.00039288836361173196
7.86523499977385,3.916331428248914,3.9288836361213355,-0.00039288836361173196,-0.0003916331428239772
7.865554999773851,3.9038193228425078,3.916331428248914,-0.0003916331428239772,-0.000390381932284356
7.865874999773851,3.8913471917805946,3.9038193228425078,-0.000390381932284356,-0.00038913471917823017
7.8661949997738505,3.87891490735101,3.8913471917805946,-0.00038913471917823017,-0.0003878914907353703
7.866514999773851,3.866522342249599,3.87891490735101,-0.0003878914907353703,-0.000386652234224627
7.86683499977385,3.854169369578921,3.866522342249599,-0.000386652234224627,-0.0003854169369592597
7.867154999773851,3.8418558628469652,3.854169369578921,-0.0003854169369592597,-0.0003841855862845023
7.867474999773851,3.8295816959658278,3.8418558628469652,-0.0003841855862845023,-0.0003829581695953266
7.86779499977385,3.8173467432504444,3.8295816959658278,-0.0003829581695953266,-0.00038173467432578434
7.868114999773851,3.8051508794173037,3.8173467432504444,-0.00038173467432578434,-0.0003805150879419017
7.868434999773851,3.7929939795831493,3.8051508794173037,-0.0003805150879419017,-0.0003792993979594428
7.86875499977385,3.7808759192637087,3.7929939795831493,-0.0003792993979594428,-0.00037808759192614616
7.869074999773851,3.768796574372428,3.7808759192637087,-0.00037808759192614616,-0.000376879657437712
7.869394999773851,3.756755821219172,3.768796574372428,-0.000376879657437712,-0.00037567558212181495
7.8697149997738505,3.744753536509005,3.756755821219172,-0.00037567558212181495,-0.0003744753536505385
7.870034999773851,3.7327895973408696,3.744753536509005,-0.0003744753536505385,-0.0003732789597350461
7.870354999773851,3.7208638812063812,3.7327895973408696,-0.0003732789597350461,-0.0003720863881220282
7.8706749997738505,3.7089762659885426,3.7208638812063812,-0.0003720863881220282,-0.0003708976265990316
7.870994999773851,3.6971266299604952,3.7089762659885426,-0.0003708976265990316,-0.0003697126629962355
7.87131499977385,3.6853148517843026,3.6971266299604952,-0.0003697126629962355,-0.0003685314851793464
7.871634999773851,3.673540810509666,3.6853148517843026,-0.0003685314851793464,-0.0003673540810495979
7.871954999773851,3.66180438557272,3.673540810509666,-0.0003673540810495979,-0.0003661804385561851
7.87227499977385,3.6501054567947655,3.66180438557272,-0.0003661804385561851,-0.0003650105456802777
7.872594999773851,3.6384439043810657,3.6501054567947655,-0.0003650105456802777,-0.0003638443904385724
7.872914999773851,3.6268196089196176,3.6384439043810657,-0.0003638443904385724,-0.00036268196089217497
7.87323499977385,3.6152324513799057,3.6268196089196176,-0.00036268196089217497,-0.0003615232451394945
7.873554999773851,3.6036823131117135,3.6152324513799057,-0.0003615232451394945,-0.000360368231312691
7.873874999773851,3.592169075843886,3.6036823131117135,-0.000360368231312691,-0.00035921690758478064
7.8741949997738505,3.5806926216831294,3.592169075843886,-0.00035921690758478064,-0.0003580692621678594
7.874514999773851,3.5692528331128117,3.5806926216831294,-0.0003580692621678594,-0.0003569252833113268
7.87483499977385,3.5578495929917358,3.5692528331128117,-0.0003569252833113268,-0.00035578495930010945
7.875154999773851,3.5464827845529587,3.5578495929917358,-0.00035578495930010945,-0.0003546482784546612
7.875474999773851,3.535152291402591,3.5464827845529587,-0.0003546482784546612,-0.00035351522914162103
7.87579499977385,3.5238579975186073,3.535152291402591,-0.00035351522914162103,-0.0003523857997507207
7.876114999773851,3.512599787249647,3.5238579975186073,-0.0003523857997507207,-0.0003512599787249826
7.876434999773851,3.5013775453138445,3.512599787249647,-0.0003512599787249826,-0.00035013775453052176
7.87675499977385,3.490191156797644,3.5013775453138445,-0.00035013775453052176,-0.0003490191156796385
7.877074999773851,3.479040507154623,3.490191156797644,-0.0003490191156796385,-0.0003479040507148312
7.877394999773851,3.4679254822043064,3.479040507154623,-0.0003479040507148312,-0.00034679254822123085
7.8777149997738505,3.4568459681310255,3.4679254822043064,-0.00034679254822123085,-0.00034568459681239005
7.878034999773851,3.4458018514827287,3.4568459681310255,-0.00034568459681239005,-0.0003445801851480468
7.878354999773851,3.4347930191698217,3.4458018514827287,-0.0003445801851480468,-0.00034347930191636067
7.8786749997738506,3.423819358464028,3.4347930191698217,-0.00034347930191636067,-0.0003423819358463476
7.878994999773851,3.4128807569972057,3.423819358464028,-0.0003423819358463476,-0.00034128807570077413
7.87931499977385,3.401977102760218,3.4128807569972057,-0.00034128807570077413,-0.0003401977102743814
7.879634999773851,3.391108284101786,3.401977102760218,-0.0003401977102743814,-0.00033911082840987206
7.879954999773851,3.3802741897273503,3.391108284101786,-0.00033911082840987206,-0.00033802741897304145
7.88027499977385,3.369474708697891,3.3802741897273503,-0.00033802741897304145,-0.00033694747086876475
7.880594999773851,3.3587097304288456,3.369474708697891,-0.00033694747086876475,-0.00033587097304277336
7.880914999773851,3.347979144688953,3.3587097304288456,-0.00033587097304277336,-0.00033479791446922036
7.8812349997738504,3.3372828415991123,3.347979144688953,-0.00033479791446922036,-0.00033372828415956235
7.881554999773851,3.3266207116312816,3.3372828415991123,-0.00033372828415956235,-0.0003326620711625594
7.881874999773851,3.3159926456073383,3.3266207116312816,-0.0003326620711625594,-0.0003315992645607224
7.8821949997738505,3.305398534697963,3.3159926456073383,-0.0003315992645607224,-0.000330539853470313
7.882514999773851,3.294838270421543,3.305398534697963,-0.000330539853470313,-0.0003294838270413436
7.88283499977385,3.284311744643051,3.294838270421543,-0.0003294838270413436,-0.00032843117446468284
7.883154999773851,3.273818849572916,3.284311744643051,-0.00032843117446468284,-0.0003273818849578447
7.883474999773851,3.2633594777659503,3.273818849572916,-0.0003273818849578447,-0.00032633594777742303
7.88379499977385,3.2529335221202365,3.2633594777659503,-0.00032633594777742303,-0.0003252933522119861
7.884114999773851,3.242540875876048,3.2529335221202365,-0.0003252933522119861,-0.0003242540875874056
7.884434999773851,3.2321814326147074,3.242540875876048,-0.0003242540875874056,-0.00032321814326152776
7.88475499977385,3.221855086257547,3.2321814326147074,-0.00032321814326152776,-0.00032218550862417317
7.885074999773851,3.211561731064811,3.221855086257547,-0.00032218550862417317,-0.00032115617310601863
7.885394999773851,3.2013012616345597,3.211561731064811,-0.00032115617310601863,-0.00032013012616260994
7.8857149997738505,3.191073572901595,3.2013012616345597,-0.00032013012616260994,-0.0003191073572903491
7.886034999773851,3.180878560136397,3.191073572901595,-0.0003191073572903491,-0.0003180878560122835
7.88635499977385,3.170716118944023,3.180878560136397,-0.0003180878560122835,-0.00031707161189409305
7.886674999773851,3.1605861452630775,3.170716118944023,-0.00031707161189409305,-0.00031605861452632666
7.886994999773851,3.1504885353646057,3.1605861452630775,-0.00031605861452632666,-0.0003150488535350604
7.88731499977385,3.140423185851067,3.1504885353646057,-0.0003150488535350604,-0.0003140423185854502
7.887634999773851,3.1303899936552617,3.140423185851067,-0.0003140423185854502,-0.00031303899936574453
7.887954999773851,3.1203888560392596,3.1303899936552617,-0.00031303899936574453,-0.00031203888560327186
7.88827499977385,3.1104196705933815,3.1203888560392596,-0.00031203888560327186,-0.00031104196705911136
7.888594999773851,3.1004823352351134,3.1104196705933815,-0.00031104196705911136,-0.00031004823352454025
7.888914999773851,3.0905767482080946,3.1004823352351134,-0.00031004823352454025,-0.00030905767482103386
7.8892349997738505,3.0807028080810523,3.0905767482080946,-0.00030905767482103386,-0.000308070280807371
7.889554999773851,3.07086041374678,3.0807028080810523,-0.000308070280807371,-0.00030708604137430484
7.889874999773851,3.061049464421089,3.07086041374678,-0.00030708604137430484,-0.0003061049464410104
7.8901949997738505,3.051269859641781,3.061049464421089,-0.0003061049464410104,-0.0003051269859657424
7.890514999773851,3.0415214992676143,3.051269859641781,-0.0003051269859657424,-0.0003041521499262956
7.89083499977385,3.031804283477294,3.0415214992676143,-0.0003041521499262956,-0.00030318042834664993
7.891154999773851,3.022118112768437,3.031804283477294,-0.00030318042834664993,-0.00030221181127565444
7.891474999773851,3.0124628879565565,3.022118112768437,-0.00030221181127565444,-0.00030124628879590887
7.89179499977385,3.0028385101740436,3.0124628879565565,-0.00030124628879590887,-0.0003002838510184347
7.892114999773851,2.993244880869146,3.0028385101740436,-0.0003002838510184347,-0.0002993244880862278
7.892434999773851,2.983681901804987,2.993244880869146,-0.0002993244880862278,-0.0002983681901795876
7.89275499977385,2.97414947505854,2.983681901804987,-0.0002983681901795876,-0.0002974149475054588
7.893074999773851,2.964647503019624,2.97414947505854,-0.0002974149475054588,-0.00029646475030276065
7.893394999773851,2.9551758883899004,2.964647503019624,-0.00029646475030276065,-0.00029551758883883394
7.8937149997738505,2.9457345341818972,2.9551758883899004,-0.00029551758883883394,-0.0002945734534183231
7.894034999773851,2.936323343717999,2.9457345341818972,-0.0002945734534183231,-0.0002936323343725178
7.894354999773851,2.926942220629461,2.936323343717999,-0.0002936323343725178,-0.00029269422206290585
7.894674999773851,2.9175910688554216,2.926942220629461,-0.00029269422206290585,-0.00029175910688472584
7.894994999773851,2.908269792641924,2.9175910688554216,-0.00029175910688472584,-0.00029082697926519074
7.89531499977385,2.8989782965409154,2.908269792641924,-0.00029082697926519074,-0.0002898978296546062
7.895634999773851,2.8897164854093096,2.8989782965409154,-0.0002898978296546062,-0.0002889716485423577
7.895954999773851,2.880484264407977,2.8897164854093096,-0.0002889716485423577,-0.0002880484264409233
7.89627499977385,2.87128153900077,2.880484264407977,-0.0002880484264409233,-0.0002871281539000847
7.896594999773851,2.8621082149535915,2.87128153900077,-0.0002871281539000847,-0.0002862108214944925
7.896914999773851,2.8529641983334098,2.8621082149535915,-0.0002862108214944925,-0.00028529641983254805
7.8972349997738505,2.8438493955072777,2.8529641983334098,-0.00028529641983254805,-0.0002843849395492981
7.897554999773851,2.8347637131414096,2.8438493955072777,-0.0002843849395492981,-0.0002834763713135402
7.897874999773851,2.825707058200194,2.8347637131414096,-0.0002834763713135402,-0.00028257070581894084
7.8981949997738505,2.8166793379452573,2.825707058200194,-0.00028257070581894084,-0.0002816679337946937
7.898514999773851,2.8076804599345158,2.8166793379452573,-0.0002816679337946937,-0.000280768045993085
7.89883499977385,2.7987103320212303,2.8076804599345158,-0.000280768045993085,-0.0002798710332019283
7.899154999773851,2.7897688623530414,2.7987103320212303,-0.0002798710332019283,-0.0002789768862356823
7.899474999773851,2.780855959371058,2.7897688623530414,-0.0002789768862356823,-0.0002780855959372275
7.89979499977385,2.7719715318088944,2.780855959371058,-0.0002780855959372275,-0.00027719715317964244
7.900114999773851,2.7631154886917573,2.7719715318088944,-0.00027719715317964244,-0.0002763115488697565
7.900434999773851,2.754287739335504,2.7631154886917573,-0.0002763115488697565,-0.0002754287739321626
7.90075499977385,2.745488193345715,2.754287739335504,-0.0002754287739321626,-0.00027454881933408615
7.901074999773851,2.7367167606167557,2.745488193345715,-0.00027454881933408615,-0.00027367167606051623
7.901394999773851,2.7279733513308746,2.7367167606167557,-0.00027367167606051623,-0.000272797335131969
7.9017149997738505,2.7192578759572785,2.7279733513308746,-0.000272797335131969,-0.00027192578759560604
7.902034999773851,2.7105702452512097,2.7192578759572785,-0.00027192578759560604,-0.00027105702452523417
7.90235499977385,2.701910370253029,2.7105702452512097,-0.00027105702452523417,-0.0002701910370266347
7.902674999773851,2.6932781622873248,2.701910370253029,-0.0002701910370266347,-0.0002693278162286816
7.902994999773851,2.68467353296197,2.6932781622873248,-0.0002693278162286816,-0.00026846735329755234
7.90331499977385,2.676096394167248,2.68467353296197,-0.00026846735329755234,-0.00026760963941718785
7.903634999773851,2.6675466580749454,2.676096394167248,-0.00026760963941718785,-0.00026675466580883267
7.903954999773851,2.659024237137433,2.6675466580749454,-0.00026675466580883267,-0.0002659024237132712
7.90427499977385,2.6505290440867912,2.659024237137433,-0.0002659024237132712,-0.0002650529044085914
7.904594999773851,2.642060991933918,2.6505290440867912,-0.0002650529044085914,-0.0002642060991924211
7.904914999773851,2.6336199939676077,2.642060991933918,-0.0002642060991924211,-0.00026336199939791527
7.9052349997738505,2.625205963753703,2.6336199939676077,-0.00026336199939791527,-0.0002625205963742161
7.905554999773851,2.6168188151341814,2.625205963753703,-0.0002625205963742161,-0.00026168188151309835
7.905874999773851,2.6084584622262845,2.6168188151341814,-0.00026168188151309835,-0.00026084584622410034
7.9061949997738505,2.600124819421646,2.6084584622262845,-0.00026084584622410034,-0.00026001248194340576
7.906514999773851,2.591817801385392,2.600124819421646,-0.00026001248194340576,-0.00025918178013739634
7.90683499977385,2.583537323055278,2.591817801385392,-0.00025918178013739634,-0.0002583537323062046
7.907154999773851,2.5752832996408412,2.583537323055278,-0.0002583537323062046,-0.00025752832996417396
7.907474999773851,2.5670556466224945,2.5752832996408412,-0.00025752832996417396,-0.0002567055646611749
7.90779499977385,2.558854279750685,2.5670556466224945,-0.0002567055646611749,-0.0002558854279754996
7.908114999773851,2.550679115045025,2.558854279750685,-0.0002558854279754996,-0.0002550679115049803
7.908434999773851,2.542530068793427,2.550679115045025,-0.0002550679115049803,-0.00025425300687942354
7.90875499977385,2.534407057551264,2.542530068793427,-0.00025425300687942354,-0.0002534407057552812
7.909074999773851,2.5263099981404893,2.534407057551264,-0.0002534407057552812,-0.00025263099981387427
7.909394999773851,2.5182388076487916,2.5263099981404893,-0.00025263099981387427,-0.00025182388076494533
7.9097149997738505,2.510193403428777,2.5182388076487916,-0.00025182388076494533,-0.00025101934034132967
7.910034999773851,2.5021737030970788,2.510193403428777,-0.00025101934034132967,-0.00025021737030961333
7.910354999773851,2.4941796245335377,2.5021737030970788,-0.00025021737030961333,-0.00024941796245414594
7.910674999773851,2.4862110858803512,2.4941796245335377,-0.00024941796245414594,-0.0002486211085876988
7.910994999773851,2.478268005541252,2.4862110858803512,-0.0002486211085876988,-0.0002478268005550177
7.91131499977385,2.4703503021806523,2.478268005541252,-0.0002478268005550177,-0.00024703503021861195
7.911634999773851,2.4624578947228213,2.4703503021806523,-0.00024703503021861195,-0.00024624578947296527
7.911954999773851,2.454590702351058,2.4624578947228213,-0.00024624578947296527,-0.00024545907023565405
7.91227499977385,2.446748644506851,2.454590702351058,-0.00024545907023565405,-0.00024467486445090003
7.912594999773851,2.4389316408890713,2.446748644506851,-0.00024467486445090003,-0.0002438931640895703
7.912914999773851,2.431139611453128,2.4389316408890713,-0.0002438931640895703,-0.00024311396114562456
7.9132349997738505,2.423372476410167,2.431139611453128,-0.00024311396114562456,-0.0002423372476396679
7.913554999773851,2.415630156226249,2.423372476410167,-0.0002423372476396679,-0.00024156301562250349
7.913874999773851,2.407912571621537,2.415630156226249,-0.00024156301562250349,-0.000240791257162698
7.9141949997738505,2.4002196435694727,2.407912571621537,-0.000240791257162698,-0.00024002196435723988
7.914514999773851,2.3925512932959863,2.4002196435694727,-0.00024002196435723988,-0.0002392551293297629
7.91483499977385,2.3849074422786742,2.3925512932959863,-0.0002392551293297629,-0.00023849074422699346
7.915154999773851,2.377288012245996,2.3849074422786742,-0.00023849074422699346,-0.0002377288012240797
7.915474999773851,2.369692925176483,2.377288012245996,-0.0002377288012240797,-0.000236969292517486
7.91579499977385,2.3621221032979367,2.369692925176483,-0.000236969292517486,-0.00023621221033032214
7.916114999773851,2.3545754690866194,2.3621221032979367,-0.00023621221033032214,-0.0002354575469087905
7.916434999773851,2.347052945266478,2.3545754690866194,-0.0002354575469087905,-0.00023470529452573885
7.91675499977385,2.3395544548083476,2.347052945266478,-0.00023470529452573885,-0.00023395544548243663
7.917074999773851,2.332079920929147,2.3395544548083476,-0.00023395544548243663,-0.00023320799209436416
7.917394999773851,2.324629267091118,2.332079920929147,-0.00023320799209436416,-0.00023246292670897617
7.9177149997738505,2.3172024170010403,2.324629267091118,-0.00023246292670897617,-0.00023172024170037275
7.918034999773851,2.3097992946094115,2.3172024170010403,-0.00023172024170037275,-0.00023097992946041757
7.91835499977385,2.302419824109712,2.3097992946094115,-0.00023097992946041757,-0.00023024198240939597
7.918674999773851,2.2950639299376183,2.302419824109712,-0.00023024198240939597,-0.0002295063929942387
7.918994999773851,2.2877315367702002,2.2950639299376183,-0.0002295063929942387,-0.0002287731536760873
7.91931499977385,2.2804225695252014,2.2877315367702002,-0.0002287731536760873,-0.0002280422569516105
7.919634999773851,2.2731369533602264,2.2804225695252014,-0.0002280422569516105,-0.0002273136953352406
7.919954999773851,2.265874613671996,2.2731369533602264,-0.0002273136953352406,-0.0002265874613680552
7.92027499977385,2.258635476095565,2.265874613671996,-0.0002265874613680552,-0.0002258635476088955
7.920594999773851,2.251419466503595,2.258635476095565,-0.0002258635476088955,-0.00022514194665035347
7.920914999773851,2.244226511005563,2.251419466503595,-0.00022514194665035347,-0.00022442265110100834
7.9212349997738505,2.2370565359470165,2.244226511005563,-0.00022442265110100834,-0.00022370565359608463
7.921554999773851,2.2299094679088047,2.2370565359470165,-0.00022370565359608463,-0.0002229909467903468
7.92187499977385,2.222785233706358,2.2299094679088047,-0.0002229909467903468,-0.00022227852337053378
7.9221949997738506,2.215683760388918,2.222785233706358,-0.00022227852337053378,-0.00022156837603937163
7.922514999773851,2.2086049752387917,2.215683760388918,-0.00022156837603937163,-0.00022086049752445547
7.92283499977385,2.2015488057706007,2.2086049752387917,-0.00022086049752445547,-0.00022015488057647303
7.923154999773851,2.194515179730563,2.2015488057706007,-0.00022015488057647303,-0.00021945151797453377
7.923474999773851,2.1875040250957194,2.194515179730563,-0.00021945151797453377,-0.00021875040251018163
7.92379499977385,2.1805152700732244,2.1875040250957194,-0.00021875040251018163,-0.00021805152700693498
7.924114999773851,2.1735488430995944,2.1805152700732244,-0.00021805152700693498,-0.00021735488430962846
7.924434999773851,2.166604672839979,2.1735488430995944,-0.00021735488430962846,-0.00021666046728441302
7.9247549997738505,2.1596826881874374,2.166604672839979,-0.00021666046728441302,-0.00021596826881875586
7.925074999773851,2.1527828182622026,2.1596826881874374,-0.00021596826881875586,-0.0002152782818249932
7.925394999773851,2.1459049924109697,2.1527828182622026,-0.0002152782818249932,-0.00021459049924033025
7.9257149997738505,2.139049140206142,2.1459049924109697,-0.00021459049924033025,-0.00021390491401973577
7.926034999773851,2.1322151914451424,2.139049140206142,-0.00021390491401973577,-0.0002132215191448239
7.926354999773851,2.1254030761496687,2.1322151914451424,-0.0002132215191448239,-0.00021254030761497233
7.926674999773851,2.1186127245650006,2.1254030761496687,-0.00021254030761497233,-0.00021186127245798048
7.926994999773851,2.1118440671592653,2.1186127245650006,-0.00021186127245798048,-0.00021118440671585859
7.92731499977385,2.105097034622742,2.1118440671592653,-0.00021118440671585859,-0.000210509703460815
7.927634999773851,2.0983715578671363,2.105097034622742,-0.000210509703460815,-0.00020983715578815065
7.927954999773851,2.091667568024889,2.0983715578671363,-0.00020983715578815065,-0.00020916675680204833
7.92827499977385,2.084984996448458,2.091667568024889,-0.00020916675680204833,-0.0002084984996457706
7.928594999773851,2.078323774709616,2.084984996448458,-0.0002084984996457706,-0.00020783237746968553
7.928914999773851,2.071683834598763,2.078323774709616,-0.00020783237746968553,-0.00020716838345968824
7.9292349997738505,2.065065108124209,2.071683834598763,-0.00020716838345968824,-0.00020650651081233207
7.929554999773851,2.0584675275114996,2.065065108124209,-0.00020650651081233207,-0.00020584675275081565
7.929874999773851,2.051891025202702,2.0584675275114996,-0.00020584675275081565,-0.00020518910251965394
7.930194999773851,2.04533553385572,2.051891025202702,-0.00020518910251965394,-0.00020453355338467816
7.930514999773851,2.0388009863436087,2.04533553385572,-0.00020453355338467816,-0.00020388009863481216
7.93083499977385,2.032287315753881,2.0388009863436087,-0.00020388009863481216,-0.00020322873157496701
7.931154999773851,2.0257944553878247,2.032287315753881,-0.00020322873157496701,-0.0002025794455384755
7.931474999773851,2.019322338759817,2.0257944553878247,-0.0002025794455384755,-0.000201932233876434
7.93179499977385,2.012870899596665,2.019322338759817,-0.000201932233876434,-0.00020128708995947875
7.932114999773851,2.006440071836894,2.012870899596665,-0.00020128708995947875,-0.0002006440071848914
7.932434999773851,2.0000297896300854,2.006440071836894,-0.0002006440071848914,-0.00020000297896238806
7.9327549997738505,1.9936399873362076,2.0000297896300854,-0.00020000297896238806,-0.0001993639987336593
7.933074999773851,1.9872705995249362,1.9936399873362076,-0.0001993639987336593,-0.00019872705995283013
7.933394999773851,1.9809215609749893,1.9872705995249362,-0.00019872705995283013,-0.00019809215609711828
7.9337149997738505,1.9745928066734604,1.9809215609749893,-0.00019809215609711828,-0.00019745928066772223
7.934034999773851,1.9682842718151414,1.9745928066734604,-0.00019745928066772223,-0.0001968284271818277
7.93435499977385,1.9619958918018747,1.9682842718151414,-0.0001968284271818277,-0.0001961995891806012
7.934674999773851,1.9557276022418804,1.9619958918018747,-0.0001961995891806012,-0.00019557276022386105
7.934994999773851,1.949479338949104,1.9557276022418804,-0.00019557276022386105,-0.00019494793389451814
7.93531499977385,1.9432510379425512,1.949479338949104,-0.00019494793389451814,-0.00019432510379413515
7.935634999773851,1.937042635445644,1.9432510379425512,-0.00019432510379413515,-0.00019370426354470283
7.935954999773851,1.9308540678855546,1.937042635445644,-0.00019370426354470283,-0.00019308540678864006
7.93627499977385,1.9246852718925722,1.9308540678855546,-0.00019308540678864006,-0.000192468527189682
7.936594999773851,1.9185361842994257,1.9246852718925722,-0.000192468527189682,-0.00019185361843021553
7.936914999773851,1.9124067421406716,1.9185361842994257,-0.00019185361843021553,-0.00019124067421394386
7.9372349997738505,1.9062968826520186,1.9124067421406716,-0.00019124067421394386,-0.00019062968826499826
7.937554999773851,1.9002065432697057,1.9062968826520186,-0.00019062968826499826,-0.00019002065432704995
7.93787499977385,1.894135661629852,1.9002065432697057,-0.00019002065432704995,-0.00018941356616331007
7.938194999773851,1.8880841755678195,1.894135661629852,-0.00018941356616331007,-0.00018880841755741784
7.938514999773851,1.8820520231175748,1.8880841755678195,-0.00018880841755741784,-0.00018820520231166427
7.93883499977385,1.8760391425110612,1.8820520231175748,-0.00018820520231166427,-0.00018760391425143297
7.939154999773851,1.8700454721775621,1.8760391425110612,-0.00018760391425143297,-0.0001870045472172066
7.939474999773851,1.864070950743068,1.8700454721775621,-0.0001870045472172066,-0.00018640709507433684
7.93979499977385,1.858115517029646,1.864070950743068,-0.00018640709507433684,-0.00018581155170327435
7.940114999773851,1.852179110054825,1.858115517029646,-0.00018581155170327435,-0.00018521791100489793
7.940434999773851,1.8462616690309628,1.852179110054825,-0.00018521791100489793,-0.000184626166903179
7.9407549997738505,1.8403631333646238,1.8462616690309628,-0.000184626166903179,-0.00018403631333718806
7.941074999773851,1.8344834426559566,1.8403631333646238,-0.00018403631333718806,-0.00018344834426553547
7.941394999773851,1.8286225366980846,1.8344834426559566,-0.00018344834426553547,-0.00018286225366992426
7.9417149997738505,1.8227803554764788,1.8286225366980846,-0.00018286225366992426,-0.00018227803554804467
7.942034999773851,1.8169568391683453,1.8227803554764788,-0.00018227803554804467,-0.00018169568391712687
7.94235499977385,1.811151928142022,1.8169568391683453,-0.00018169568391712687,-0.00018111519281394095
7.942674999773851,1.8053655629563614,1.811151928142022,-0.00018111519281394095,-0.0001805365562956851
7.942994999773851,1.799597684360115,1.8053655629563614,-0.0001805365562956851,-0.0001799597684364329
7.94331499977385,1.7938482332913346,1.799597684360115,-0.0001799597684364329,-0.0001793848233289097
7.943634999773851,1.788117150876771,1.7938482332913346,-0.0001793848233289097,-0.0001788117150871571
7.943954999773851,1.7824043784312602,1.788117150876771,-0.0001788117150871571,-0.00017824043784298027
7.94427499977385,1.7767098574571367,1.7824043784312602,-0.00017824043784298027,-0.00017767098574594797
7.944594999773851,1.7710335296436206,1.7767098574571367,-0.00017767098574594797,-0.0001771033529642807
7.944914999773851,1.76537533686623,1.7710335296436206,-0.0001771033529642807,-0.00017653753368662706
7.9452349997738505,1.7597352211861765,1.76537533686623,-0.00017653753368662706,-0.00017597352211851103
7.945554999773851,1.7541131248497828,1.7597352211861765,-0.00017597352211851103,-0.00017541131248499653
7.945874999773851,1.7485089902878863,1.7541131248497828,-0.00017541131248499653,-0.00017485089902891104
7.946194999773851,1.7429227601152457,1.7485089902878863,-0.00017485089902891104,-0.0001742922760117338
7.946514999773851,1.7373543771299624,1.7429227601152457,-0.0001742922760117338,-0.0001737354377127076
7.94683499977385,1.7318037843128824,1.7373543771299624,-0.0001737354377127076,-0.00017318037843150336
7.947154999773851,1.7262709248270245,1.7318037843128824,-0.00017318037843150336,-0.000172627092482891
7.947474999773851,1.7207557420169934,1.7262709248270245,-0.000172627092482891,-0.00017207557420206854
7.94779499977385,1.7152581794083959,1.7207557420169934,-0.00017207557420206854,-0.00017152581794110944
7.948114999773851,1.7097781807072765,1.7152581794083959,-0.00017152581794110944,-0.00017097781807073886
7.948434999773851,1.7043156897995153,1.7097781807072765,-0.00017097781807073886,-0.00017043156898033374
7.9487549997738505,1.6988706507502793,1.7043156897995153,-0.00017043156898033374,-0.00016988706507437001
7.949074999773851,1.6934430078034337,1.6988706507502793,-0.00016988706507437001,-0.0001693443007804163
7.949394999773851,1.688032705380982,1.6934430078034337,-0.0001693443007804163,-0.00016880327053847566
7.9497149997738505,1.6826396880824845,1.688032705380982,-0.00016880327053847566,-0.00016826396880897931
7.950034999773851,1.6772639006845012,1.6826396880824845,-0.00016826396880897931,-0.00016772639006834567
7.95035499977385,1.6719052881400291,1.6772639006845012,-0.00016772639006834567,-0.00016719052881342122
7.950674999773851,1.6665637955779213,1.6719052881400291,-0.00016719052881342122,-0.0001666563795570397
7.950994999773851,1.6612393683023408,1.6665637955779213,-0.0001666563795570397,-0.00016612393682979842
7.95131499977385,1.6559319517921978,1.6612393683023408,-0.00016612393682979842,-0.00016559319517917004
7.951634999773851,1.650641491700587,1.6559319517921978,-0.00016559319517917004,-0.0001650641491703908
7.951954999773851,1.6453679338542362,1.650641491700587,-0.0001650641491703908,-0.00016453679338557237
7.95227499977385,1.6401112242529465,1.6453679338542362,-0.00016453679338557237,-0.0001640111224254781
7.952594999773851,1.6348713090690394,1.6401112242529465,-0.0001640111224254781,-0.00016348713090685862
7.952914999773851,1.6296481346468124,1.6348713090690394,-0.00016348713090685862,-0.00016296481346511626
7.9532349997738505,1.6244416475019803,1.6296481346468124,-0.00016296481346511626,-0.00016244416474986423
7.953554999773851,1.6192517943211462,1.6244416475019803,-0.00016244416474986423,-0.000161925179432032
7.95387499977385,1.614078521961221,1.6192517943211462,-0.000161925179432032,-0.00016140785219587173
7.954194999773851,1.6089217774489144,1.614078521961221,-0.00016140785219587173,-0.0001608921777451755
7.954514999773851,1.6037815079801683,1.6089217774489144,-0.0001608921777451755,-0.00016037815079794626
7.95483499977385,1.5986576609196375,1.6037815079801683,-0.00016037815079794626,-0.00015986576609172687
7.955154999773851,1.5935501838001283,1.5986576609196375,-0.00015986576609172687,-0.0001593550183800474
7.955474999773851,1.5884590243220804,1.5935501838001283,-0.0001593550183800474,-0.00015884590243242513
7.95579499977385,1.583384130353017,1.5884590243220804,-0.00015884590243242513,-0.00015833841303525276
7.956114999773851,1.578325449927016,1.583384130353017,-0.00015833841303525276,-0.0001578325449926865
7.956434999773851,1.5732829312441823,1.578325449927016,-0.0001578325449926865,-0.00015732829312398167
7.9567549997738505,1.5682565226701162,1.5732829312441823,-0.00015732829312398167,-0.00015682565226704526
7.957074999773851,1.5632461727353761,1.5682565226701162,-0.00015682565226704526,-0.00015632461727399516
7.95739499977385,1.5582518301349646,1.5632461727353761,-0.00015632461727399516,-0.00015582518301382464
7.9577149997738506,1.5532734437277906,1.5582518301349646,-0.00015582518301382464,-0.00015532734437240237
7.958034999773851,1.5483109625361546,1.5532734437277906,-0.00015532734437240237,-0.00015483109625424873
7.95835499977385,1.5433643357452183,1.5483109625361546,-0.00015483109625424873,-0.0001543364335745423
7.958674999773851,1.5384335127024984,1.5433643357452183,-0.0001543364335745423,-0.00015384335127066606
7.958994999773851,1.5335184429173323,1.5384335127024984,-0.00015384335127066606,-0.00015335184429154936
7.95931499977385,1.5286190760603662,1.5335184429173323,-0.00015335184429154936,-0.0001528619076065496
7.959634999773851,1.523735361963046,1.5286190760603662,-0.0001528619076065496,-0.00015237353619657057
7.959954999773851,1.5188672506170968,1.523735361963046,-0.00015237353619657057,-0.00015188672506205592
7.9602749997738504,1.5140146921740125,1.5188672506170968,-0.00015188672506205592,-0.00015140146921766018
7.960594999773851,1.5091776369445462,1.5140146921740125,-0.00015140146921766018,-0.0001509177636940251
7.960914999773851,1.5043560353982,1.5091776369445462,-0.0001509177636940251,-0.00015043560353955598
7.9612349997738505,1.4995498381627208,1.5043560353982,-0.00015043560353955598,-0.00014995498381598082
7.961554999773851,1.4947589960235923,1.4995498381627208,-0.00014995498381598082,-0.00014947589960279117
7.961874999773851,1.4899834599235267,1.4947589960235923,-0.00014947589960279117,-0.00014899834599191308
7.962194999773851,1.4852231809619725,1.4899834599235267,-0.00014899834599191308,-0.0001485223180965889
7.962514999773851,1.4804781103946059,1.4852231809619725,-0.0001485223180965889,-0.0001480478110398309
7.96283499977385,1.475748199632832,1.4804781103946059,-0.0001480478110398309,-0.00014757481996330313
7.963154999773851,1.4710334002432968,1.475748199632832,-0.00014757481996330313,-0.00014710334002376868
7.963474999773851,1.4663336639473739,1.4710334002432968,-0.00014710334002376868,-0.00014663336639397784
7.96379499977385,1.461648942620691,1.4663336639473739,-0.00014663336639397784,-0.0001461648942626681
7.964114999773851,1.4569791882926175,1.461648942620691,-0.0001461648942626681,-0.0001456979188292351
7.964434999773851,1.4523243531457837,1.4569791882926175,-0.0001456979188292351,-0.00014523243531527896
7.9647549997738505,1.4476843895155886,1.4523243531457837,-0.00014523243531527896,-0.00014476843895128155
7.965074999773851,1.4430592498897183,1.4476843895155886,-0.00014476843895128155,-0.00014430592498904105
7.965394999773851,1.4384488869076486,1.4430592498897183,-0.00014430592498904105,-0.00014384488869012557
7.965714999773851,1.4338532533601631,1.4384488869076486,-0.00014384488869012557,-0.00014338532533653137
7.966034999773851,1.4292723021888838,1.4338532533601631,-0.00014338532533653137,-0.00014292723021913645
7.96635499977385,1.4247059864857567,1.4292723021888838,-0.00014292723021913645,-0.00014247059864924694
7.966674999773851,1.4201542594926162,1.4247059864857567,-0.00014247059864924694,-0.0001420154259488271
7.966994999773851,1.4156170746006622,1.4201542594926162,-0.0001420154259488271,-0.00014156170745938113
7.96731499977385,1.4110943853500126,1.4156170746006622,-0.00014156170745938113,-0.00014110943853573588
7.967634999773851,1.4065861454292172,1.4110943853500126,-0.00014110943853573588,-0.00014065861454337636
7.967954999773851,1.4020923086747843,1.4065861454292172,-0.00014065861454337636,-0.0001402092308673275
7.9682749997738505,1.3976128290707044,1.4020923086747843,-0.0001402092308673275,-0.0001397612829068251
7.968594999773851,1.393147660747986,1.3976128290707044,-0.0001397612829068251,-0.0001393147660753158
7.968914999773851,1.388696757984181,1.393147660747986,-0.0001393147660753158,-0.0001388696757986807
7.9692349997738505,1.3842600752029135,1.388696757984181,-0.0001388696757986807,-0.00013842600751967638
7.969554999773851,1.3798375669734293,1.3842600752029135,-0.00013842600751967638,-0.00013798375669704654
7.96987499977385,1.3754291880101064,1.3798375669734293,-0.00013798375669704654,-0.00013754291880108127
7.970194999773851,1.3710348931720113,1.3754291880101064,-0.00013754291880108127,-0.00013710348931716965
7.970514999773851,1.3666546374624213,1.3710348931720113,-0.00013710348931716965,-0.00013666546374668798
7.97083499977385,1.3622883760283793,1.3666546374624213,-0.00013666546374668798,-0.00013622883760255888
7.971154999773851,1.3579360641602258,1.3622883760283793,-0.00013622883760255888,-0.00013579360641635674
7.971474999773851,1.3535976572911383,1.3579360641602258,-0.00013579360641635674,-0.00013535976572942587
7.97179499977385,1.3492731109966811,1.3535976572911383,-0.00013535976572942587,-0.00013492731109998601
7.972114999773851,1.3449623809943496,1.3492731109966811,-0.00013492731109998601,-0.00013449623809957956
7.972434999773851,1.340665423143114,1.3449623809943496,-0.00013449623809957956,-0.00013406654231395976
7.9727549997738505,1.3363821934429658,1.340665423143114,-0.00013406654231395976,-0.00013363821934486708
7.973074999773851,1.3321126480344727,1.3363821934429658,-0.00013363821934486708,-0.00013321126480381196
7.97339499977385,1.3278567431983295,1.3321126480344727,-0.00013321126480381196,-0.0001327856743191802
7.973714999773851,1.323614435354903,1.3278567431983295,-0.0001327856743191802,-0.00013236144353623303
7.974034999773851,1.3193856810637938,1.323614435354903,-0.00013236144353623303,-0.00013193856810644888
7.97435499977385,1.3151704370233843,1.3193856810637938,-0.00013193856810644888,-0.00013151704370262252
7.974674999773851,1.3109686600704082,1.3151704370233843,-0.00013151704370262252,-0.00013109686600731862
7.974994999773851,1.3067803071794901,1.3109686600704082,-0.00013109686600731862,-0.00013067803071731277
7.97531499977385,1.302605335462715,1.3067803071794901,-0.00013067803071731277,-0.00013026053354625589
7.975634999773851,1.2984437021691928,1.302605335462715,-0.00013026053354625589,-0.00012984437021668072
7.975954999773851,1.2942953646846167,1.2984437021691928,-0.00012984437021668072,-0.00012942953646888355
7.9762749997738505,1.2901602805308194,1.2942953646846167,-0.00012942953646888355,-0.00012901602805381884
7.976594999773851,1.2860384073653541,1.2901602805308194,-0.00012901602805381884,-0.00012860384073665188
7.976914999773851,1.281929702981046,1.2860384073653541,-0.00012860384073665188,-0.00012819297029764698
7.9772349997738505,1.2778341253055694,1.281929702981046,-0.00012819297029764698,-0.00012778341253039116
7.977554999773851,1.2737516324010076,1.2778341253055694,-0.00012778341253039116,-0.00012737516324090592
7.97787499977385,1.269682182463439,1.2737516324010076,-0.00012737516324090592,-0.00012696821824675908
7.978194999773851,1.2656257338224892,1.269682182463439,-0.00012696821824675908,-0.00012656257338239385
7.978514999773851,1.2615822449409235,1.2656257338224892,-0.00012656257338239385,-0.00012615822449379976
7.97883499977385,1.257551674414208,1.2615822449409235,-0.00012615822449379976,-0.0001257551674411772
7.979154999773851,1.253533980970086,1.257551674414208,-0.0001257551674411772,-0.00012535339809716106
7.979474999773851,1.2495291234681714,1.253533980970086,-0.00012535339809716106,-0.0001249529123468207
7.97979499977385,1.2455370608995004,1.2495291234681714,-0.0001249529123468207,-0.00012455370609032457
7.980114999773851,1.2415577523861419,1.2455370608995004,-0.00012455370609032457,-0.0001241557752384992
7.980434999773851,1.2375911571807536,1.2415577523861419,-0.0001241557752384992,-0.00012375911571815834
7.9807549997738505,1.2336372346661788,1.2375911571807536,-0.00012375911571815834,-0.00012336372346588576
7.981074999773851,1.229695944355026,1.2336372346661788,-0.00012336372346588576,-0.00012296959443514055
7.981394999773851,1.2257672458892572,1.229695944355026,-0.00012296959443514055,-0.0001225767245891518
7.981714999773851,1.221851099039768,1.2257672458892572,-0.0001225767245891518,-0.0001221851099044713
7.982034999773851,1.2179474637059817,1.221851099039768,-0.0001221851099044713,-0.00012179474637097343
7.98235499977385,1.2140562999154396,1.2179474637059817,-0.00012179474637097343,-0.00012140562999185533
7.982674999773851,1.210177567823391,1.2140562999154396,-0.00012140562999185533,-0.00012101775678274862
7.982994999773851,1.2063112277123704,1.210177567823391,-0.00012101775678274862,-0.00012063112277171939
7.98331499977385,1.2024572399918219,1.2063112277123704,-0.00012063112277171939,-0.00012024572399838007
7.983634999773851,1.1986155651976615,1.2024572399918219,-0.00012024572399838007,-0.00011986155651921848
7.983954999773851,1.1947861639918933,1.1986155651976615,-0.00011986155651921848,-0.00011947861639960422
7.9842749997738505,1.1909689971622024,1.1947861639918933,-0.00011947861639960422,-0.00011909689971645321
7.984594999773851,1.1871640256215472,1.1909689971622024,-0.00011909689971645321,-0.00011871640256266858
7.984914999773851,1.1833712104077643,1.1871640256215472,-0.00011871640256266858,-0.00011833712104092342
7.9852349997738505,1.179590512683172,1.1833712104077643,-0.00011833712104092342,-0.00011795905126810169
7.985554999773851,1.1758218937341633,1.179590512683172,-0.00011795905126810169,-0.00011758218937352183
7.98587499977385,1.172065314970819,1.1758218937341633,-0.00011758218937352183,-0.00011720653149627225
7.986194999773851,1.1683207379265148,1.172065314970819,-0.00011720653149627225,-0.00011683207379231675
7.986514999773851,1.1645881242575102,1.1683207379265148,-0.00011683207379231675,-0.00011645881242650091
7.98683499977385,1.160867435742575,1.1645881242575102,-0.00011645881242650091,-0.00011608674357432847
7.987154999773851,1.1571586342825868,1.160867435742575,-0.00011608674357432847,-0.00011571586342817852
7.987474999773851,1.153461681900151,1.1571586342825868,-0.00011571586342817852,-0.00011534616819020016
7.98779499977385,1.1497765407391933,1.153461681900151,-0.00011534616819020016,-0.00011497765407408878
7.988114999773851,1.146103173064592,1.1497765407391933,-0.00011497765407408878,-0.00011461031730686244
7.988434999773851,1.142441541261783,1.146103173064592,-0.00011461031730686244,-0.00011424415412619737
7.9887549997738505,1.1387916078363782,1.142441541261783,-0.00011424415412619737,-0.00011387916078398064
7.989074999773851,1.1351533354137733,1.1387916078363782,-0.00011387916078398064,-0.00011351533354098109
7.98939499977385,1.1315266867387694,1.1351533354137733,-0.00011351533354098109,-0.00011315266867306661
7.989714999773851,1.127911624675196,1.1315266867387694,-0.00011315266867306661,-0.00011279116246765142
7.990034999773851,1.124308112205526,1.127911624675196,-0.00011279116246765142,-0.00011243081122014331
7.99035499977385,1.120716112430498,1.124308112205526,-0.00011243081122014331,-0.00011207161124371368
7.990674999773851,1.1171355885687424,1.120716112430498,-0.00011207161124371368,-0.00011171355885686296
7.990994999773851,1.1135665039563907,1.1171355885687424,-0.00011171355885686296,-0.000111356650394967
7.99131499977385,1.1100088220467226,1.1135665039563907,-0.000111356650394967,-0.00011100088220494797
7.991634999773851,1.1064625064097682,1.1100088220467226,-0.00011100088220494797,-0.00011064625064083344
7.991954999773851,1.1029275207319515,1.1064625064097682,-0.00011064625064083344,-0.00011029275207263822
7.9922749997738505,1.0994038288157149,1.1029275207319515,-0.00011029275207263822,-0.00010994038288103525
7.992594999773851,1.0958913945791384,1.0994038288157149,-0.00010994038288103525,-0.0001095891394573556
7.992914999773851,1.0923901820555892,1.0958913945791384,-0.0001095891394573556,-0.00010923901820625304
7.9932349997738505,1.0889001553933373,1.0923901820555892,-0.00010923901820625304,-0.00010889001553948674
7.993554999773851,1.0854212788551914,1.0889001553933373,-0.00010889001553948674,-0.00010854212788569129
7.99387499977385,1.0819535168181396,1.0854212788551914,-0.00010854212788569129,-0.00010819535168149486
7.994194999773851,1.0784968337729761,1.0819535168181396,-0.00010819535168149486,-0.00010784968337773648
7.994514999773851,1.0750511943239456,1.0784968337729761,-0.00010784968337773648,-0.00010750511943236063
7.99483499977385,1.0716165631883772,1.0750511943239456,-0.00010750511943236063,-0.00010716165631841079
7.995154999773851,1.068192905196322,1.0716165631883772,-0.00010716165631841079,-0.0001068192905195886
7.995474999773851,1.0647801852901906,1.068192905196322,-0.0001068192905195886,-0.00010647801852936567
7.99579499977385,1.0613783685243998,1.0647801852901906,-0.00010647801852936567,-0.00010613783685187173
7.996114999773851,1.0579874200650126,1.0613783685243998,-0.00010613783685187173,-0.00010579874200633554
7.996434999773851,1.0546073051893865,1.0579874200650126,-0.00010579874200633554,-0.00010546073051909133
7.9967549997738505,1.0512379892858033,1.0546073051893865,-0.00010546073051909133,-0.00010512379892890777
7.997074999773851,1.0478794378531264,1.0512379892858033,-0.00010512379892890777,-0.0001047879437860999
7.997394999773851,1.0445316165004557,1.0478794378531264,-0.0001047879437860999,-0.00010445316165075269
7.997714999773851,1.0411944909467528,1.0445316165004557,-0.00010445316165075269,-0.00010411944909538562
7.998034999773851,1.0378680270205047,1.0411944909467528,-0.00010411944909538562,-0.00010378680270228813
7.99835499977385,1.0345521906593742,1.0378680270205047,-0.00010378680270228813,-0.00010345521906618416
7.998674999773851,1.031246947909846,1.0345521906593742,-0.00010345521906618416,-0.0001031246947915676
7.998994999773851,1.0279522649268837,1.031246947909846,-0.0001031246947915676,-0.00010279522649270234
7.99931499977385,1.0246681079735804,1.0279522649268837,-0.00010279522649270234,-0.00010246681079806308
7.999634999773851,1.0213944434208129,1.0246681079735804,-0.00010246681079806308,-0.00010213944434234179
7.999954999773851,1.0181312377468965,1.0213944434208129,-0.00010213944434234179,-0.00010181312377532947
8.00027499977385,1.014878457537244,1.0181312377468965,-0.00010181312377532947,-0.00010148784575392256
8.00059499977385,1.0116360694840243,1.014878457537244,-0.00010148784575392256,-0.00010116360694834015
8.000914999773851,1.0084040403858214,1.0116360694840243,-0.00010116360694834015,-0.00010084040403857131
8.001234999773851,1.0051823371472892,1.0084040403858214,-0.00010084040403857131,-0.00010051823371526325
8.00155499977385,1.0019709267788188,1.0051823371472892,-0.00010051823371526325,-0.00010019709267794497
8.00187499977385,0.9987697763961949,1.0019709267788188,-0.00010019709267794497,-0.00009987697763946812
8.00219499977385,0.9955788532202695,0.9987697763961949,-0.00009987697763946812,-0.00009955788532201026
8.002514999773851,0.9923981245766135,0.9955788532202695,-0.00009955788532201026,-0.0000992398124575189
8.002834999773851,0.9892275578951888,0.9923981245766135,-0.0000992398124575189,-0.00009892275578948784
8.003154999773852,0.986067120710013,0.9892275578951888,-0.00009892275578948784,-0.00009860671207073679
8.00347499977385,0.9829167806588299,0.986067120710013,-0.00009860671207073679,-0.00009829167806607586
8.00379499977385,0.9797765054827756,0.9829167806588299,-0.00009829167806607586,-0.00009797765054830876
8.00411499977385,0.9766462630260485,0.9797765054827756,-0.00009797765054830876,-0.0000976646263026737
8.004434999773851,0.9735260212355775,0.9766462630260485,-0.0000976646263026737,-0.00009735260212373475
8.004754999773851,0.9704157481606995,0.9735260212355775,-0.00009735260212373475,-0.00009704157481627007
8.00507499977385,0.9673154119528266,0.9704157481606995,-0.00009704157481627007,-0.00009673154119527183
8.00539499977385,0.9642249808651263,0.9673154119528266,-0.00009673154119527183,-0.00009642249808639036
8.00571499977385,0.9611444232521885,0.9642249808651263,-0.00009642249808639036,-0.00009611444232549005
8.006034999773851,0.9580737075697066,0.9611444232521885,-0.00009611444232549005,-0.00009580737075687296
8.006354999773851,0.9550128023741561,0.9580737075697066,-0.00009580737075687296,-0.00009550128023727567
8.006674999773852,0.9519616763224671,0.9550128023741561,-0.00009550128023727567,-0.00009519616763231653
8.00699499977385,0.9489202981717073,0.9519616763224671,-0.00009519616763231653,-0.00009489202981738387
8.00731499977385,0.9458886367787606,0.9489202981717073,-0.00009489202981738387,-0.00009458886367763597
8.00763499977385,0.9428666611000082,0.9458886367787606,-0.00009458886367763597,-0.00009428666610977743
8.007954999773851,0.9398543401910108,0.9428666611000082,-0.00009428666610977743,-0.00009398543401939463
8.008274999773851,0.9368516432061958,0.9398543401910108,-0.00009398543401939463,-0.00009368516432051166
8.00859499977385,0.9338585393985321,0.9368516432061958,-0.00009368516432051166,-0.00009338585394003118
8.00891499977385,0.9308749981192252,0.9338585393985321,-0.00009338585394003118,-0.0000930874998119613
8.00923499977385,0.9279009888173956,0.9308749981192252,-0.0000930874998119613,-0.00009279009888185641
8.00955499977385,0.9249364810397719,0.9279009888173956,-0.00009279009888185641,-0.00009249364810415273
8.009874999773851,0.9219814444303746,0.9249364810397719,-0.00009249364810415273,-0.0000921981444430564
8.010194999773852,0.9190358487302106,0.9219814444303746,-0.0000921981444430564,-0.00009190358487298766
8.01051499977385,0.9160996637769564,0.9190358487302106,-0.00009190358487298766,-0.00009160996637769259
8.01083499977385,0.9131728595046541,0.9160996637769564,-0.00009160996637769259,-0.00009131728595024313
8.01115499977385,0.9102554059434006,0.9131728595046541,-0.00009131728595024313,-0.0000910255405943694
8.011474999773851,0.9073472732190422,0.9102554059434006,-0.0000910255405943694,-0.0000907347273222392
8.011794999773851,0.9044484315528727,0.9073472732190422,-0.0000907347273222392,-0.00009044484315534618
8.01211499977385,0.9015588512613208,0.9044484315528727,-0.00009044484315534618,-0.00009015588512628625
8.01243499977385,0.8986785027556521,0.9015588512613208,-0.00009015588512628625,-0.00008986785027564892
8.01275499977385,0.8958073565416611,0.8986785027556521,-0.00008986785027564892,-0.00008958073565423774
8.01307499977385,0.8929453832193727,0.8958073565416611,-0.00008958073565423774,-0.00008929453832173806
8.013394999773851,0.890092553482743,0.8929453832193727,-0.00008929453832173806,-0.00008900925534804927
8.013714999773851,0.8872488381193537,0.890092553482743,-0.00008900925534804927,-0.00008872488381195254
8.01403499977385,0.8844142080101165,0.8872488381193537,-0.00008872488381195254,-0.00008844142080066675
8.01435499977385,0.8815886341289766,0.8844142080101165,-0.00008844142080066675,-0.00008815886341295709
8.01467499977385,0.8787720875426106,0.8815886341289766,-0.00008815886341295709,-0.00008787720875425009
8.014994999773851,0.875964539410132,0.8787720875426106,-0.00008787720875425009,-0.00008759645394063043
8.015314999773851,0.8731659609828006,0.875964539410132,-0.00008759645394063043,-0.00008731659609839681
8.01563499977385,0.8703763236037216,0.8731659609828006,-0.00008731659609839681,-0.00008703763236050932
8.01595499977385,0.8675955987075544,0.8703763236037216,-0.00008703763236050932,-0.00008675955987058614
8.01627499977385,0.8648237578202216,0.8675955987075544,-0.00008675955987058614,-0.00008648237578201545
8.01659499977385,0.862060772558617,0.8648237578202216,-0.00008648237578201545,-0.00008620607725617901
8.016914999773851,0.8593066146303115,0.862060772558617,-0.00008620607725617901,-0.0000859306614628963
8.017234999773851,0.856561255833267,0.8593066146303115,-0.0000859306614628963,-0.000085656125583089
8.01755499977385,0.85382466805555,0.856561255833267,-0.000085656125583089,-0.00008538246680567241
8.01787499977385,0.8510968232750392,0.85382466805555,-0.00008538246680567241,-0.00008510968232755545
8.01819499977385,0.8483776935591353,0.8510968232750392,-0.00008510968232755545,-0.00008483776935586107
8.018514999773851,0.8456672510644847,0.8483776935591353,-0.00008483776935586107,-0.00008456672510659402
8.018834999773851,0.8429654680366878,0.8456672510644847,-0.00008456672510659402,-0.00008429654680375265
8.01915499977385,0.8402723168100167,0.8429654680366878,-0.00008429654680375265,-0.00008402723168066117
8.01947499977385,0.8375877698071301,0.8402723168100167,-0.00008402723168066117,-0.00008375877698085787
8.01979499977385,0.8349117995387927,0.8375877698071301,-0.00008375877698085787,-0.00008349117995365418
8.02011499977385,0.8322443786035952,0.8349117995387927,-0.00008349117995365418,-0.00008322443786035194
8.020434999773851,0.8295854796876678,0.8322443786035952,-0.00008322443786035194,-0.00008295854796891433
8.020754999773851,0.8269350755644094,0.8295854796876678,-0.00008295854796891433,-0.00008269350755663041
8.02107499977385,0.8242931390942007,0.8269350755644094,-0.00008269350755663041,-0.00008242931390967101
8.02139499977385,0.8216596432241284,0.8242931390942007,-0.00008242931390967101,-0.00008216596432220058
8.02171499977385,0.8190345609877129,0.8216596432241284,-0.00008216596432220058,-0.0000819034560990417
8.022034999773851,0.8164178655046258,0.8190345609877129,-0.0000819034560990417,-0.00008164178655079013
8.022354999773851,0.813809529980418,0.8164178655046258,-0.00008164178655079013,-0.00008138095299825565
8.022674999773852,0.8112095277062478,0.813809529980418,-0.00008138095299825565,-0.00008112095277068576
8.02299499977385,0.8086178320585986,0.8112095277062478,-0.00008112095277068576,-0.00008086178320576565
8.02331499977385,0.8060344164990162,0.8086178320585986,-0.00008086178320576565,-0.00008060344164961819
8.02363499977385,0.8034592545738323,0.8060344164990162,-0.00008060344164961819,-0.00008034592545724806
8.023954999773851,0.8008923199138925,0.8034592545738323,-0.00008034592545724806,-0.00008008923199120943
8.024274999773851,0.7983335862342891,0.8008923199138925,-0.00008008923199120943,-0.00007983335862338237
8.02459499977385,0.7957830273340925,0.7983335862342891,-0.00007983335862338237,-0.00007957830273364053
8.02491499977385,0.7932406170960777,0.7957830273340925,-0.00007957830273364053,-0.00007932406170985118
8.02523499977385,0.7907063294864656,0.7932406170960777,-0.00007932406170985118,-0.00007907063294831929
8.025554999773851,0.7881801385546431,0.7907063294864656,-0.00007907063294831929,-0.00007881801385556386
8.025874999773851,0.7856620184329139,0.7881801385546431,-0.00007881801385556386,-0.00007856620184343299
8.026194999773852,0.7831519433362203,0.7856620184329139,-0.00007856620184343299,-0.00007831519433354472
8.02651499977385,0.780649887561886,0.7831519433362203,-0.00007831519433354472,-0.0000780649887559548
8.02683499977385,0.7781558254893499,0.780649887561886,-0.0000780649887559548,-0.00007781558254915666
8.02715499977385,0.7756697315799047,0.7781558254893499,-0.00007781558254915666,-0.00007756697315786099
8.027474999773851,0.7731915803764379,0.7756697315799047,-0.00007756697315786099,-0.0000773191580378807
8.027794999773851,0.7707213465031648,0.7731915803764379,-0.0000773191580378807,-0.00007707213465035778
8.02811499977385,0.768259004665376,0.7707213465031648,-0.00007707213465035778,-0.00007682590046620419
8.02843499977385,0.7658045296491762,0.768259004665376,-0.00007682590046620419,-0.00007658045296521365
8.02875499977385,0.7633578963212186,0.7658045296491762,-0.00007658045296521365,-0.00007633578963250898
8.02907499977385,0.7609190796284594,0.7633578963212186,-0.00007633578963250898,-0.00007609190796298293
8.029394999773851,0.7584880545978949,0.7609190796284594,-0.00007609190796298293,-0.00007584880545996597
8.029714999773852,0.756064796336304,0.7584880545978949,-0.00007584880545996597,-0.00007560647963344991
8.03003499977385,0.7536492800299985,0.756064796336304,-0.00007560647963344991,-0.0000753649280031965
8.03035499977385,0.7512414809445626,0.7536492800299985,-0.0000753649280031965,-0.00007512414809429657
8.03067499977385,0.7488413744246064,0.7512414809445626,-0.00007512414809429657,-0.00007488413744249911
8.030994999773851,0.7464489358935114,0.7488413744246064,-0.00007488413744249911,-0.00007464489358932624
8.031314999773851,0.7440641408531736,0.7464489358935114,-0.00007464489358932624,-0.0000744064140851819
8.03163499977385,0.7416869648837611,0.7440641408531736,-0.0000744064140851819,-0.00007416869648801949
8.03195499977385,0.739317383643459,0.7416869648837611,-0.00007416869648801949,-0.00007393173836423017
8.03227499977385,0.7369553728682176,0.739317383643459,-0.00007393173836423017,-0.0000736955372868664
8.03259499977385,0.7346009083715112,0.7369553728682176,-0.0000736955372868664,-0.00007346009083741833
8.032914999773851,0.7322539660440835,0.7346009083715112,-0.00007346009083741833,-0.00007322539660448157
8.033234999773851,0.7299145218537064,0.7322539660440835,-0.00007322539660448157,-0.0000729914521850894
8.03355499977385,0.7275825518449306,0.7299145218537064,-0.0000729914521850894,-0.0000727582551847128
8.03387499977385,0.725258032138838,0.7275825518449306,-0.0000727582551847128,-0.00007252580321370772
8.03419499977385,0.7229409389328046,0.725258032138838,-0.00007252580321370772,-0.00007229409389308827
8.034514999773851,0.7206312485002516,0.7229409389328046,-0.00007229409389308827,-0.00007206312485008581
8.034834999773851,0.7183289371903985,0.7206312485002516,-0.00007206312485008581,-0.00007183289371903712
8.035154999773852,0.7160339814280314,0.7183289371903985,-0.00007183289371903712,-0.00007160339814271666
8.03547499977385,0.7137463577132519,0.7160339814280314,-0.00007160339814271666,-0.00007137463577100434
8.03579499977385,0.7114660426212421,0.7137463577132519,-0.00007137463577100434,-0.00007114660426221775
8.03611499977385,0.7091930128020215,0.7114660426212421,-0.00007114660426221775,-0.00007091930128000357
8.036434999773851,0.7069272449802114,0.7091930128020215,-0.00007091930128000357,-0.0000706927244982225
8.036754999773851,0.7046687159547933,0.7069272449802114,-0.0000706927244982225,-0.00007046687159562026
8.03707499977385,0.7024174025988739,0.7046687159547933,-0.00007046687159562026,-0.00007024174025982433
8.03739499977385,0.7001732818594443,0.7024174025988739,-0.00007024174025982433,-0.0000700173281855676
8.03771499977385,0.6979363307571472,0.7001732818594443,-0.0000700173281855676,-0.00006979363307557662
8.038034999773851,0.6957065263860444,0.6979363307571472,-0.00006979363307557662,-0.00006957065263835105
8.038354999773851,0.6934838459133758,0.6957065263860444,-0.00006957065263835105,-0.00006934838459127235
8.03867499977385,0.691268266579328,0.6934838459133758,-0.00006934838459127235,-0.00006912682665793923
8.03899499977385,0.6890597656968036,0.691268266579328,-0.00006912682665793923,-0.00006890597656949993
8.03931499977385,0.6868583206511865,0.6890597656968036,-0.00006890597656949993,-0.00006868583206509626
8.03963499977385,0.6846639089001101,0.6868583206511865,-0.00006868583206509626,-0.00006846639089008733
8.039954999773851,0.6824765079732296,0.6846639089001101,-0.00006846639089008733,-0.00006824765079738171
8.040274999773851,0.6802960954719875,0.6824765079732296,-0.00006824765079738171,-0.00006802960954743753
8.04059499977385,0.6781226490693855,0.6802960954719875,-0.00006802960954743753,-0.00006781226490693015
8.04091499977385,0.6759561465097628,0.6781226490693855,-0.00006781226490693015,-0.00006759561465097264
8.04123499977385,0.6737965656085554,0.6759561465097628,-0.00006759561465097264,-0.00006737965656089528
8.041554999773851,0.6716438842520788,0.6737965656085554,-0.00006737965656089528,-0.00006716438842513384
8.041874999773851,0.6694980803972987,0.6716438842520788,-0.00006716438842513384,-0.00006694980803967354
8.042194999773852,0.6673591320716041,0.6694980803972987,-0.00006694980803967354,-0.00006673591320716099
8.04251499977385,0.6652270173725824,0.6673591320716041,-0.00006673591320716099,-0.0000665227017373482
8.04283499977385,0.6631017144677976,0.6652270173725824,-0.0000665227017373482,-0.00006631017144664852
8.04315499977385,0.6609832015945645,0.6631017144677976,-0.00006631017144664852,-0.00006609832015946893
8.043474999773851,0.6588714570597273,0.6609832015945645,-0.00006609832015946893,-0.00006588714570598952
8.043794999773851,0.6567664592394341,0.6588714570597273,-0.00006588714570598952,-0.00006567664592393996
8.04411499977385,0.6546681865789236,0.6567664592394341,-0.00006567664592393996,-0.0000654668186577112
8.04443499977385,0.6525766175922917,0.6546681865789236,-0.0000654668186577112,-0.00006525766175924375
8.04475499977385,0.6504917308622835,0.6525766175922917,-0.00006525766175924375,-0.00006504917308625124
8.04507499977385,0.6484135050400661,0.6504917308622835,-0.00006504917308625124,-0.00006484135050399686
8.045394999773851,0.6463419188450154,0.6484135050400661,-0.00006484135050399686,-0.0000646341918848492
8.045714999773852,0.6442769510644955,0.6463419188450154,-0.0000646341918848492,-0.00006442769510650592
8.04603499977385,0.6422185805536401,0.6442769510644955,-0.00006442769510650592,-0.00006422185805554648
8.04635499977385,0.6401667862351392,0.6422185805536401,-0.00006422185805554648,-0.0000640166786234353
8.04667499977385,0.6381215470990224,0.6401667862351392,-0.0000640166786234353,-0.00006381215470963042
8.046994999773851,0.6360828422024418,0.6381215470990224,-0.00006381215470963042,-0.00006360828422025122
8.047314999773851,0.6340506506694585,0.6360828422024418,-0.00006360828422025122,-0.00006340506506674615
8.04763499977385,0.632024951690828,0.6340506506694585,-0.00006340506506674615,-0.00006320249516944543
8.04795499977385,0.6300057245237916,0.632024951690828,-0.00006320249516944543,-0.000063000572452232
8.04827499977385,0.627992948491859,0.6300057245237916,-0.000063000572452232,-0.00006279929484920288
8.04859499977385,0.6259866029845986,0.627992948491859,-0.00006279929484920288,-0.00006259866029845185
8.048914999773851,0.6239866674574223,0.6259866029845986,-0.00006259866029845185,-0.00006239866674562222
8.049234999773851,0.621993121431388,0.6239866674574223,-0.00006239866674562222,-0.00006219931214301866
8.04955499977385,0.6200059444929705,0.621993121431388,-0.00006219931214301866,-0.00006200059444916306
8.04987499977385,0.6180251162938711,0.6200059444929705,-0.00006200059444916306,-0.00006180251162923867
8.05019499977385,0.6160506165507951,0.6180251162938711,-0.00006180251162923867,-0.00006160506165509005
8.050514999773851,0.6140824250452529,0.6160506165507951,-0.00006160506165509005,-0.00006140824250477905
8.050834999773851,0.6121205216233498,0.6140824250452529,-0.00006140824250477905,-0.00006121205216214065
8.05115499977385,0.610164886195579,0.6121205216233498,-0.00006121205216214065,-0.00006101648861944753
8.05147499977385,0.6082154987366156,0.610164886195579,-0.00006101648861944753,-0.00006082154987385735
8.05179499977385,0.6062723392851175,0.6082154987366156,-0.00006082154987385735,-0.00006062723392830094
8.05211499977385,0.60433538794351,0.6062723392851175,-0.00006062723392830094,-0.00006043353879414681
8.052434999773851,0.6024046248777929,0.60433538794351,-0.00006043353879414681,-0.00006024046248764847
8.052754999773851,0.6004800303173304,0.6024046248777929,-0.00006024046248764847,-0.000060048003031720754
8.05307499977385,0.5985615845546507,0.6004800303173304,-0.000060048003031720754,-0.000059856158455495745
8.05339499977385,0.5966492679452452,0.5985615845546507,-0.000059856158455495745,-0.00005966492679432278
8.05371499977385,0.594743060907367,0.5966492679452452,-0.00005966492679432278,-0.000059474306090656626
8.054034999773851,0.5928429439218311,0.594743060907367,-0.000059474306090656626,-0.00005928429439183702
8.054354999773851,0.5909488975318107,0.5928429439218311,-0.00005928429439183702,-0.00005909488975319732
8.054674999773852,0.5890609023426425,0.5909488975318107,-0.00005909488975319732,-0.000058906090234067676
8.05499499977385,0.5871789390216262,0.5890609023426425,-0.000058906090234067676,-0.000058717893901771845
8.05531499977385,0.5853029882978262,0.5871789390216262,-0.000058717893901771845,-0.000058530298829850835
8.05563499977385,0.5834330309618758,0.5853029882978262,-0.000058530298829850835,-0.00005834330309584246
8.055954999773851,0.5815690478657765,0.5834330309618758,-0.00005834330309584246,-0.0000581569047866104
8.056274999773851,0.5797110199227092,0.5815690478657765,-0.0000581569047866104,-0.00005797110199212696
8.05659499977385,0.577858928106829,0.5797110199227092,-0.00005797110199212696,-0.00005778589281080215
8.05691499977385,0.5760127534530798,0.577858928106829,-0.00005778589281080215,-0.00005760127534548687
8.05723499977385,0.5741724770569976,0.5760127534530798,-0.00005760127534548687,-0.00005741724770569334
8.057554999773851,0.5723380800745105,0.5741724770569976,-0.00005741724770569334,-0.000057233808007595144
8.057874999773851,0.5705095437217538,0.5723380800745105,-0.000057233808007595144,-0.00005705095437225083
8.058194999773852,0.5686868492748725,0.5705095437217538,-0.00005705095437225083,-0.000056868684927380286
8.05851499977385,0.5668699780698361,0.5686868492748725,-0.000056868684927380286,-0.00005668699780692066
8.05883499977385,0.5650589115022362,0.5668699780698361,-0.00005668699780692066,-0.000056505891150138154
8.05915499977385,0.5632536310271078,0.5650589115022362,-0.000056505891150138154,-0.000056325363102960324
8.059474999773851,0.5614541181587337,0.5632536310271078,-0.000056325363102960324,-0.00005614541181575561
8.059794999773851,0.5596603544704534,0.5614541181587337,-0.00005614541181575561,-0.00005596603544688605
8.06011499977385,0.5578723215944774,0.5596603544704534,-0.00005596603544688605,-0.00005578723215959869
8.06043499977385,0.5560900012217014,0.5578723215944774,-0.00005578723215959869,-0.00005560900012202552
8.06075499977385,0.5543133751015138,0.5560900012217014,-0.00005560900012202552,-0.00005543133751029217
8.061074999773851,0.5525424250416114,0.5543133751015138,-0.00005543133751029217,-0.000055254242504521045
8.061394999773851,0.5507771329078125,0.5525424250416114,-0.000055254242504521045,-0.00005507771329060773
8.061714999773852,0.5490174806238727,0.5507771329078125,-0.00005507771329060773,-0.00005490174806244141
8.06203499977385,0.5472634501712969,0.5490174806238727,-0.00005490174806244141,-0.000054726345017463984
8.06235499977385,0.5455150235891578,0.5472634501712969,-0.000054726345017463984,-0.0000545515023588905
8.06267499977385,0.543772182973909,0.5455150235891578,-0.0000545515023588905,-0.00005437721829748554
8.062994999773851,0.5420349104792044,0.543772182973909,-0.00005437721829748554,-0.00005420349104801048
8.063314999773851,0.540303188315715,0.5420349104792044,-0.00005420349104801048,-0.000054030318831888025
8.06363499977385,0.5385769987509446,0.540303188315715,-0.000054030318831888025,-0.00005385769987498179
8.06395499977385,0.5368563241090513,0.5385769987509446,-0.00005385769987498179,-0.00005368563241114899
8.06427499977385,0.5351411467706607,0.5368563241090513,-0.00005368563241114899,-0.00005351411467691136
8.06459499977385,0.5334314491726982,0.5351411467706607,-0.00005351411467691136,-0.00005334314491767245
8.064914999773851,0.5317272138081943,0.5334314491726982,-0.00005334314491767245,-0.00005317272138105622
8.065234999773851,0.5300284232261117,0.5317272138081943,-0.00005317272138105622,-0.000053002842322680266
8.06555499977385,0.5283350600311685,0.5300284232261117,-0.000053002842322680266,-0.00005283350600304715
8.06587499977385,0.5266471068836567,0.5283350600311685,-0.00005283350600304715,-0.00005266471068843259
8.06619499977385,0.5249645464992678,0.5266471068836567,-0.00005266471068843259,-0.000052496454649997304
8.066514999773851,0.5232873616489128,0.5249645464992678,-0.000052496454649997304,-0.00005232873616467515
8.066834999773851,0.5216155351585481,0.5232873616489128,-0.00005232873616467515,-0.00005216155351606133
8.06715499977385,0.519949049908998,0.5216155351585481,-0.00005216155351606133,-0.00005199490499130377
8.06747499977385,0.5182878888357811,0.519949049908998,-0.00005199490499130377,-0.00005182878888332354
8.06779499977385,0.516632034928932,0.5182878888357811,-0.00005182878888332354,-0.000051663203493035326
8.06811499977385,0.5149814712328322,0.516632034928932,-0.000051663203493035326,-0.00005149814712313017
8.068434999773851,0.5133361808460339,0.5149814712328322,-0.00005149814712313017,-0.0000513336180847368
8.068754999773851,0.5116961469210863,0.5133361808460339,-0.0000513336180847368,-0.00005116961469209258
8.06907499977385,0.5100613526643605,0.5116961469210863,-0.00005116961469209258,-0.0000510061352665403
8.06939499977385,0.5084317813358865,0.5100613526643605,-0.0000510061352665403,-0.00005084317813386363
8.06971499977385,0.5068074162491722,0.5084317813358865,-0.00005084317813386363,-0.00005068074162517533
8.070034999773851,0.5051882407710397,0.5068074162491722,-0.00005068074162517533,-0.00005051882407691721
8.070354999773851,0.5035742383214497,0.5051882407710397,-0.00005051882407691721,-0.00005035742383219244
8.07067499977385,0.5019653923733293,0.5035742383214497,-0.00005035742383219244,-0.00005019653923721279
8.07099499977385,0.5003616864524139,0.5019653923733293,-0.00005019653923721279,-0.000050036168645295476
8.07131499977385,0.49876310413707065,0.5003616864524139,-0.000050036168645295476,-0.000049876310413532465
8.07163499977385,0.4971696290581284,0.49876310413707065,-0.000049876310413532465,-0.000049716962905677065
8.071954999773851,0.49558124489871536,0.4971696290581284,-0.000049716962905677065,-0.00004955812448992347
8.072274999773851,0.4939979353940888,0.49558124489871536,-0.00004955812448992347,-0.00004939979353935087
8.07259499977385,0.4924196843314698,0.4939979353940888,-0.00004939979353935087,-0.000049241968433033634
8.07291499977385,0.49084647554987726,0.4924196843314698,-0.000049241968433033634,-0.00004908464755515318
8.07323499977385,0.48927829293996233,0.49084647554987726,-0.00004908464755515318,-0.000048927829293887726
8.073554999773851,0.48771512044384097,0.48927829293996233,-0.000048927829293887726,-0.00004877151204429886
8.073874999773851,0.4861569420549343,0.48771512044384097,-0.00004877151204429886,-0.000048615694205667026
8.074194999773852,0.4846037418178012,0.4861569420549343,-0.000048615694205667026,-0.00004846037418171356
8.07451499977385,0.48305550382797485,0.4846037418178012,-0.00004846037418171356,-0.000048305550382599094
8.07483499977385,0.4815122122318018,0.48305550382797485,-0.000048305550382599094,-0.00004815122122314719
8.07515499977385,0.47997385122627967,0.4815122122318018,-0.00004815122122314719,-0.000047997385122622305
8.075474999773851,0.47844040505889307,0.47997385122627967,-0.000047997385122622305,-0.00004784404050584001
8.075794999773851,0.47691185802745373,0.47844040505889307,-0.00004784404050584001,-0.00004769118580272291
8.07611499977385,0.4753881944799401,0.47691185802745373,-0.00004769118580272291,-0.00004753881944785654
8.07643499977385,0.47386939881433526,0.4753881944799401,-0.00004753881944785654,-0.00004738693988137754
8.07675499977385,0.47235545547846974,0.47386939881433526,-0.00004738693988137754,-0.00004723554554786347
8.077074999773851,0.4708463489698602,0.47235545547846974,-0.00004723554554786347,-0.00004708463489699888
8.077394999773851,0.46934206383555344,0.4708463489698602,-0.00004708463489699888,-0.00004693420638357537
8.077714999773852,0.46784258467196294,0.46934206383555344,-0.00004693420638357537,-0.000046784258467269524
8.07803499977385,0.46634789612471694,0.46784258467196294,-0.000046784258467269524,-0.00004663478961264289
8.07835499977385,0.4648579828884978,0.46634789612471694,-0.00004663478961264289,-0.00004648579828869792
8.07867499977385,0.46337282970688565,0.4648579828884978,-0.00004648579828869792,-0.000046337282970654314
8.078994999773851,0.4618924213722025,0.46337282970688565,-0.000046337282970654314,-0.00004618924213728448
8.079314999773851,0.46041674272535826,0.4618924213722025,-0.00004618924213728448,-0.00004604167427246786
8.07963499977385,0.458945778655693,0.46041674272535826,-0.00004604167427246786,-0.000045894577865635
8.07995499977385,0.4574795141008226,0.458945778655693,-0.000045894577865635,-0.00004574795141021326
8.08027499977385,0.45601793404648516,0.4574795141008226,-0.00004574795141021326,-0.00004560179340451498
8.08059499977385,0.45456102352638816,0.45601793404648516,-0.00004560179340451498,-0.00004545610235262565
8.080914999773851,0.4531087676220528,0.45456102352638816,-0.00004545610235262565,-0.00004531087676218348
8.081234999773852,0.4516611514626642,0.4531087676220528,-0.00004531087676218348,-0.00004516611514615576
8.08155499977385,0.45021816022491595,0.4516611514626642,-0.00004516611514615576,-0.000045021816022394745
8.08187499977385,0.44877977913286027,0.45021816022491595,-0.000045021816022394745,-0.00004487797791319359
8.08219499977385,0.44734599345775794,0.44877977913286027,-0.00004487797791319359,-0.00004473459934573043
8.082514999773851,0.4459167885179243,0.44734599345775794,-0.00004473459934573043,-0.00004459167885184634
8.082834999773851,0.4444921496785807,0.4459167885179243,-0.00004459167885184634,-0.000044449214968045325
8.08315499977385,0.4430720623517051,0.4444921496785807,-0.000044449214968045325,-0.00004430720623527229
8.08347499977385,0.4416565119958816,0.4430720623517051,-0.00004430720623527229,-0.00004416565119957916
8.08379499977385,0.4402454841161524,0.4416565119958816,-0.00004416565119957916,-0.00004402454841145875
8.08411499977385,0.43883896426386754,0.4402454841161524,-0.00004402454841145875,-0.000043883896426510915
8.084434999773851,0.43743693803654105,0.43883896426386754,-0.000043883896426510915,-0.00004374369380366616
8.084754999773851,0.43603939107769835,0.43743693803654105,-0.00004374369380366616,-0.00004360393910785021
8.08507499977385,0.4346463090767318,0.43603939107769835,-0.00004360393910785021,-0.00004346463090754149
8.08539499977385,0.43325767776875657,0.4346463090767318,-0.00004346463090754149,-0.0000433257677769916
8.08571499977385,0.4318734829344586,0.43325767776875657,-0.0000433257677769916,-0.0000431873482933387
8.086034999773851,0.43049371039995554,0.4318734829344586,-0.0000431873482933387,-0.00004304937103993822
8.086354999773851,0.4291183460366466,0.43049371039995554,-0.00004304937103993822,-0.000042911834603698296
8.08667499977385,0.4277473757610697,0.4291183460366466,-0.000042911834603698296,-0.00004277473757618999
8.08699499977385,0.4263807855347593,0.4277473757610697,-0.00004277473757618999,-0.000042638078553425274
8.08731499977385,0.4250185613640991,0.4263807855347593,-0.000042638078553425274,-0.00004250185613652313
8.08763499977385,0.42366068930018014,0.4250185613640991,-0.00004250185613652313,-0.00004236606892993322
8.087954999773851,0.4223071554386584,0.42366068930018014,-0.00004236606892993322,-0.00004223071554387836
8.088274999773851,0.42095794591961366,0.4223071554386584,-0.00004223071554387836,-0.000042095794592134084
8.08859499977385,0.4196130469274035,0.42095794591961366,-0.000042095794592134084,-0.00004196130469269477
8.08891499977385,0.4182724446905262,0.4196130469274035,-0.00004196130469269477,-0.000041827244469105906
8.08923499977385,0.4169361254814786,0.4182724446905262,-0.000041827244469105906,-0.000041693612548243664
8.089554999773851,0.4156040756166132,0.4169361254814786,-0.000041693612548243664,-0.00004156040756164714
8.089874999773851,0.41427628145600165,0.4156040756166132,-0.00004156040756164714,-0.00004142762814551837
8.09019499977385,0.41295272940329103,0.41427628145600165,-0.00004142762814551837,-0.00004129527294050028
8.09051499977385,0.4116334059055679,0.41295272940329103,-0.00004129527294050028,-0.00004116334059056648
8.09083499977385,0.410318297453219,0.4116334059055679,-0.00004116334059056648,-0.000041031829745241666
8.09115499977385,0.40900739057979124,0.410318297453219,-0.000041031829745241666,-0.000040900739058047364
8.091474999773851,0.40770067186185427,0.40900739057979124,-0.000040900739058047364,-0.000040770067186279846
8.091794999773851,0.4063981279188662,0.40770067186185427,-0.000040770067186279846,-0.00004063981279189832
8.09211499977385,0.405099745413031,0.4063981279188662,-0.00004063981279189832,-0.000040509974541302896
8.09243499977385,0.4038055110491671,0.405099745413031,-0.000040509974541302896,-0.00004038055110489047
8.09275499977385,0.402515411574569,0.4038055110491671,-0.00004038055110489047,-0.00004025154115749885
8.093074999773851,0.40122943377887,0.402515411574569,-0.00004025154115749885,-0.00004012294337796263
8.093394999773851,0.39994756449390995,0.40122943377887,-0.00004012294337796263,-0.000039994756449335256
8.093714999773852,0.39866979059359836,0.39994756449390995,-0.000039994756449335256,-0.00003986697905955516
8.09403499977385,0.39739609899378087,0.39866979059359836,-0.00003986697905955516,-0.00003973960989944736
8.09435499977385,0.3961264766521059,0.39739609899378087,-0.00003973960989944736,-0.00003961264766516592
8.09467499977385,0.39486091056788974,0.3961264766521059,-0.00003961264766516592,-0.00003948609105686174
8.094994999773851,0.39359938778198394,0.39486091056788974,-0.00003948609105686174,-0.0000393599387782384
8.095314999773851,0.39234189537664127,0.39359938778198394,-0.0000393599387782384,-0.000039234189537662445
8.09563499977385,0.3910884204753871,0.39234189537664127,-0.000039234189537662445,-0.000039108842047497205
8.09595499977385,0.38983895024288334,0.3910884204753871,-0.000039108842047497205,-0.000038983895024324866
8.09627499977385,0.3885934718847999,0.38983895024288334,-0.000038983895024324866,-0.00003885934718850237
8.09659499977385,0.38735197264768323,0.3885934718847999,-0.00003885934718850237,-0.00003873519726482755
8.096914999773851,0.38611443981882404,0.38735197264768323,-0.00003873519726482755,-0.000038611443981872995
8.097234999773852,0.38488086072612976,0.38611443981882404,-0.000038611443981872995,-0.000038488086072652195
8.09755499977385,0.3836512227379913,0.38488086072612976,-0.000038488086072652195,-0.000038365122273731345
8.09787499977385,0.3824255132631562,0.3836512227379913,-0.000038365122273731345,-0.00003824255132633958
8.09819499977385,0.3812037197506009,0.3824255132631562,-0.00003824255132633958,-0.000038120371975036704
8.098514999773851,0.3799858296893999,0.3812037197506009,-0.000038120371975036704,-0.00003799858296882341
8.098834999773851,0.37877183060859676,0.3799858296893999,-0.00003799858296882341,-0.00003787718306091925
8.09915499977385,0.3775617100770785,0.37877183060859676,-0.00003787718306091925,-0.00003775617100787443
8.09947499977385,0.3763554557034487,0.3775617100770785,-0.00003775617100787443,-0.00003763554557023596
8.09979499977385,0.3751530551358987,0.3763554557034487,-0.00003763554557023596,-0.00003751530551343585
8.10011499977385,0.37395449606208325,0.3751530551358987,-0.00003751530551343585,-0.00003739544960623675
8.100434999773851,0.372759766208992,0.37395449606208325,-0.00003739544960623675,-0.000037275976620954054
8.100754999773851,0.3715688533428254,0.372759766208992,-0.000037275976620954054,-0.000037156885334344025
8.10107499977385,0.3703817452688682,0.3715688533428254,-0.000037156885334344025,-0.000037038174526937695
8.10139499977385,0.36919842983136786,0.3703817452688682,-0.000037038174526937695,-0.00003691984298304085
8.10171499977385,0.36801889491340656,0.36919842983136786,-0.00003691984298304085,-0.000036801889491400175
8.102034999773851,0.36684312843677624,0.36801889491340656,-0.000036801889491400175,-0.000036684312843648925
8.102354999773851,0.36567111836186034,0.36684312843677624,-0.000036684312843648925,-0.0000365671118360833
8.10267499977385,0.3645028526875049,0.36567111836186034,-0.0000365671118360833,-0.00003645028526855221
8.10299499977385,0.36333831945089834,0.3645028526875049,-0.00003645028526855221,-0.00003633383194490136
8.10331499977385,0.3621775067274493,0.36333831945089834,-0.00003633383194490136,-0.000036217750672751237
8.10363499977385,0.3610204026306616,0.3621775067274493,-0.000036217750672751237,-0.00003610204026305297
8.103954999773851,0.3598669953120172,0.3610204026306616,-0.00003610204026305297,-0.000035986699531198596
8.104274999773851,0.3587172729608508,0.3598669953120172,-0.000035986699531198596,-0.000035871727295910816
8.10459499977385,0.3575712238042317,0.3587172729608508,-0.000035871727295910816,-0.00003575712238057527
8.10491499977385,0.3564288361068405,0.3575712238042317,-0.00003575712238057527,-0.00003564288361057599
8.10523499977385,0.3552900981708511,0.3564288361068405,-0.00003564288361057599,-0.00003552900981707019
8.105554999773851,0.35415499833581093,0.3552900981708511,-0.00003552900981707019,-0.00003541549983365755
8.105874999773851,0.3530235249785201,0.35415499833581093,-0.00003541549983365755,-0.00003530235249771252
8.106194999773852,0.3518956665129133,0.3530235249785201,-0.00003530235249771252,-0.000035189566651272486
8.10651499977385,0.35077141138994017,0.3518956665129133,-0.000035189566651272486,-0.00003507714113903937
8.10683499977385,0.34965074809744867,0.35077141138994017,-0.00003507714113903937,-0.000034965074809711894
8.10715499977385,0.3485336651600671,0.34965074809744867,-0.000034965074809711894,-0.000034853366515985584
8.107474999773851,0.34742015113908575,0.3485336651600671,-0.000034853366515985584,-0.00003474201511410868
8.107794999773851,0.34631019463233825,0.34742015113908575,-0.00003474201511410868,-0.000034631019463216006
8.10811499977385,0.3452037842740889,0.34631019463233825,-0.000034631019463216006,-0.00003452037842732736
8.10843499977385,0.34410090873491117,0.3452037842740889,-0.00003452037842732736,-0.000034410090873571164
8.10875499977385,0.343001556721576,0.34410090873491117,-0.000034410090873571164,-0.00003430015567196243
8.109074999773851,0.34190571697693395,0.343001556721576,-0.00003430015567196243,-0.000034190571697623184
8.109394999773851,0.34081337827980235,0.34190571697693395,-0.000034190571697623184,-0.00003408133782789591
8.10971499977385,0.3397245294448471,0.34081337827980235,-0.00003408133782789591,-0.000033972452944341924
8.11003499977385,0.3386391593224675,0.3397245294448471,-0.000033972452944341924,-0.00003386391593207527
8.11035499977385,0.3375572567986875,0.3386391593224675,-0.00003386391593207527,-0.00003375572567998475
8.11067499977385,0.3364788107950374,0.3375572567986875,-0.00003375572567998475,-0.00003364788107940164
8.110994999773851,0.33540381026844135,0.3364788107950374,-0.00003364788107940164,-0.000033540381026764265
8.111314999773851,0.33433224421110513,0.33540381026844135,-0.000033540381026764265,-0.00003343322442117547
8.11163499977385,0.33326410165040204,0.33433224421110513,-0.00003343322442117547,-0.000033326410165068765
8.11195499977385,0.3321993716487618,0.33326410165040204,-0.000033326410165068765,-0.00003321993716487448
8.11227499977385,0.331138043303558,0.3321993716487618,-0.00003321993716487448,-0.0000331138043303536
8.112594999773851,0.33008010574699664,0.331138043303558,-0.0000331138043303536,-0.00003300801057459779
8.112914999773851,0.32902554814600393,0.33008010574699664,-0.00003300801057459779,-0.000032902554814695506
8.113234999773852,0.32797435970211763,0.32902554814600393,-0.000032902554814695506,-0.0000327974359701777
8.11355499977385,0.3269265296513736,0.32797435970211763,-0.0000327974359701777,-0.00003269265296501622
8.11387499977385,0.32588204726419856,0.3269265296513736,-0.00003269265296501622,-0.00003258820472651358
8.11419499977385,0.3248409018452955,0.32588204726419856,-0.00003258820472651358,-0.00003248409018463683
8.114514999773851,0.3238030827335412,0.3248409018452955,-0.00003248409018463683,-0.00003238030827334981
8.114834999773851,0.32276857930186953,0.3238030827335412,-0.00003238030827334981,-0.0000322768579301691
8.11515499977385,0.32173738095717036,0.32276857930186953,-0.0000322768579301691,-0.000032173738095719884
8.11547499977385,0.32070947714017395,0.32173738095717036,-0.000032173738095719884,-0.00003207094771395802
8.11579499977385,0.3196848573253471,0.32070947714017395,-0.00003207094771395802,-0.00003196848573261413
8.11611499977385,0.3186635110207839,0.3196848573253471,-0.00003196848573261413,-0.00003186635110208336
8.116434999773851,0.31764542776809784,0.3186635110207839,-0.00003186635110208336,-0.00003176454277697971
8.116754999773852,0.3166305971423167,0.31764542776809784,-0.00003176454277697971,-0.000031663059714359676
8.11707499977385,0.3156190087517721,0.3166305971423167,-0.000031663059714359676,-0.00003156190087527655
8.11739499977385,0.31461065223799933,0.3156190087517721,-0.00003156190087527655,-0.00003146106522389225
8.11771499977385,0.31360551727562425,0.31461065223799933,-0.00003146106522389225,-0.000031360551727477315
8.118034999773851,0.312603593572262,0.31360551727562425,-0.000031360551727477315,-0.000031260359357299095
8.118354999773851,0.3116048708684096,0.312603593572262,-0.000031260359357299095,-0.00003116048708684538
8.11867499977385,0.3106093389373437,0.3116048708684096,-0.00003116048708684538,-0.00003106093389360076
8.11899499977385,0.30961698758501244,0.3106093389373437,-0.00003106093389360076,-0.00003096169875838051
8.11931499977385,0.30862780664993245,0.30961698758501244,-0.00003096169875838051,-0.00003086278066488646
8.11963499977385,0.30764178600308406,0.30862780664993245,-0.00003086278066488646,-0.00003076417860037317
8.119954999773851,0.3066589155478096,0.30764178600308406,-0.00003076417860037317,-0.00003066589155475974
8.120274999773851,0.30567918521970844,0.3066589155478096,-0.00003066589155475974,-0.000030567918521962056
8.12059499977385,0.30470258498653463,0.30567918521970844,-0.000030567918521962056,-0.0000304702584987826
8.12091499977385,0.3037291048480927,0.30470258498653463,-0.0000304702584987826,-0.000030372910484688376
8.12123499977385,0.3027587348361364,0.3037291048480927,-0.000030372910484688376,-0.00003027587348358729
8.121554999773851,0.30179146501426796,0.3027587348361364,-0.00003027587348358729,-0.000030179146501385645
8.121874999773851,0.3008272854778335,0.30179146501426796,-0.000030179146501385645,-0.000030082728547764503
8.12219499977385,0.29986618635382284,0.3008272854778335,-0.000030082728547764503,-0.000029986618635291507
8.12251499977385,0.2989081578007707,0.29986618635382284,-0.000029986618635291507,-0.00002989081578008701
8.12283499977385,0.29795319000865184,0.2989081578007707,-0.00002989081578008701,-0.000029795319000935905
8.12315499977385,0.2970012731987834,0.29795319000865184,-0.000029795319000935905,-0.00002970012731995375
8.123474999773851,0.29605239762372476,0.2970012731987834,-0.00002970012731995375,-0.000029605239762364732
8.123794999773851,0.2951065535671749,0.29605239762372476,-0.000029605239762364732,-0.000029510655356723703
8.12411499977385,0.2941637313438769,0.2951065535671749,-0.000029510655356723703,-0.00002941637313425005
8.12443499977385,0.2932239212995148,0.2941637313438769,-0.00002941637313425005,-0.000029322392129937924
8.12475499977385,0.2922871138106191,0.2932239212995148,-0.000029322392129937924,-0.000029228711381001915
8.125074999773851,0.2913532992844647,0.2922871138106191,-0.000029228711381001915,-0.000029135329928431375
8.125394999773851,0.29042246815897327,0.2913532992844647,-0.000029135329928431375,-0.00002904224681588019
8.125714999773852,0.28949461090261785,0.29042246815897327,-0.00002904224681588019,-0.000028949461090332917
8.12603499977385,0.2885697180143208,0.28949461090261785,-0.000028949461090332917,-0.000028856971801438647
8.12635499977385,0.2876477800233611,0.2885697180143208,-0.000028856971801438647,-0.000028764778002399183
8.12667499977385,0.28672878748927416,0.2876477800233611,-0.000028764778002399183,-0.00002867287874885882
8.126994999773851,0.28581273100175625,0.28672878748927416,-0.00002867287874885882,-0.000028581273100236615
8.127314999773851,0.28489960118056823,0.28581273100175625,-0.000028581273100236615,-0.00002848996011795002
8.12763499977385,0.2839893886754409,0.28489960118056823,-0.00002848996011795002,-0.000028398938867413293
8.12795499977385,0.2830820841659762,0.2839893886754409,-0.000028398938867413293,-0.000028308208416483183
8.12827499977385,0.2821776783615538,0.2830820841659762,-0.000028308208416483183,-0.000028217767836125063
8.128594999773851,0.28127616200123545,0.2821776783615538,-0.000028217767836125063,-0.000028127616200190886
8.128914999773851,0.2803775258536698,0.28127616200123545,-0.000028127616200190886,-0.000028037752585419184
8.129234999773852,0.27948176071700065,0.2803775258536698,-0.000028037752585419184,-0.000027948176071657116
8.12955499977385,0.27858885741876666,0.27948176071700065,-0.000027948176071657116,-0.000027858885742082506
8.12987499977385,0.2776988068158145,0.27858885741876666,-0.000027858885742082506,-0.00002776988068164954
8.13019499977385,0.27681159979419845,0.2776988068158145,-0.00002776988068164954,-0.000027681159979531245
8.130514999773851,0.27592722726909485,0.27681159979419845,-0.000027681159979531245,-0.000027592722726899055
8.130834999773851,0.2750456801847016,0.27592722726909485,-0.000027592722726899055,-0.000027504568018477116
8.13115499977385,0.27416694951414977,0.2750456801847016,-0.000027504568018477116,-0.000027416694951432063
8.13147499977385,0.27329102625940893,0.27416694951414977,-0.000027416694951432063,-0.00002732910262603916
8.13179499977385,0.2724179014511973,0.27329102625940893,-0.00002732910262603916,-0.000027241790145016154
8.13211499977385,0.27154756614888736,0.2724179014511973,-0.000027241790145016154,-0.000027154756614855557
8.132434999773851,0.27068001144041687,0.27154756614888736,-0.000027154756614855557,-0.00002706800114404828
8.132754999773852,0.2698152284421952,0.27068001144041687,-0.00002706800114404828,-0.00002698152284419386
8.13307499977385,0.2689532082990141,0.2698152284421952,-0.00002698152284419386,-0.000026895320830000458
8.13339499977385,0.26809394218395616,0.2689532082990141,-0.000026895320830000458,-0.000026809394218396676
8.13371499977385,0.26723742129830513,0.26809394218395616,-0.000026809394218396676,-0.000026723742129863837
8.134034999773851,0.2663836368714552,0.26723742129830513,-0.000026723742129863837,-0.000026638363687103706
8.134354999773851,0.2655325801608202,0.2663836368714552,-0.000026638363687103706,-0.000026553258015926673
8.13467499977385,0.26468424245174854,0.2655325801608202,-0.000026553258015926673,-0.000026468424245251754
8.13499499977385,0.26383861505742556,0.26468424245174854,-0.000026468424245251754,-0.00002638386150577432
8.13531499977385,0.2629956893187956,0.26383861505742556,-0.00002638386150577432,-0.000026299568931742456
8.13563499977385,0.26215545660446143,0.2629956893187956,-0.000026299568931742456,-0.000026215545660512873
8.135954999773851,0.2613179083106066,0.26215545660446143,-0.000026215545660512873,-0.000026131790830996593
8.136274999773851,0.26048303586089927,0.2613179083106066,-0.000026131790830996593,-0.00002604830358610144
8.13659499977385,0.2596508307064106,0.26048303586089927,-0.00002604830358610144,-0.000025965083070511596
8.13691499977385,0.2588212843255234,0.2596508307064106,-0.000025965083070511596,-0.000025882128432463958
8.13723499977385,0.2579943882238437,0.2588212843255234,-0.000025882128432463958,-0.000025799438822415866
8.137554999773851,0.2571701339341188,0.2579943882238437,-0.000025799438822415866,-0.000025717013393489196
8.137874999773851,0.2563485130161457,0.2571701339341188,-0.000025717013393489196,-0.000025634851301692407
8.13819499977385,0.25552951705668825,0.2563485130161457,-0.000025634851301692407,-0.00002555295170569849
8.13851499977385,0.254713137669387,0.25552951705668825,-0.00002555295170569849,-0.000025471313766844972
8.13883499977385,0.253899366494678,0.254713137669387,-0.000025471313766844972,-0.000025389936649578004
8.13915499977385,0.25308819519970344,0.253899366494678,-0.000025389936649578004,-0.00002530881951989805
8.139474999773851,0.2522796154782286,0.25308819519970344,-0.00002530881951989805,-0.000025227961548024425
8.139794999773851,0.2514736190505555,0.2522796154782286,-0.000025227961548024425,-0.000025147361905064614
8.14011499977385,0.2506701976634386,0.2514736190505555,-0.000025147361905064614,-0.000025067019766344956
8.14043499977385,0.2498693430900004,0.2506701976634386,-0.000025067019766344956,-0.000024986934308968145
8.14075499977385,0.24907104712964806,0.2498693430900004,-0.000024986934308968145,-0.000024907104713034478
8.141074999773851,0.24827530160798655,0.24907104712964806,-0.000024907104713034478,-0.000024827530160753675
8.141394999773851,0.24748209837673768,0.24827530160798655,-0.000024827530160753675,-0.000024748209837666124
8.14171499977385,0.24669142931365642,0.24748209837673768,-0.000024748209837666124,-0.000024669142931310617
8.14203499977385,0.24590328632244596,0.24669142931365642,-0.000024669142931310617,-0.000024590328632223546
8.14235499977385,0.24511766133267718,0.24590328632244596,-0.000024590328632223546,-0.000024511766133272772
8.14267499977385,0.2443345462997039,0.24511766133267718,-0.000024511766133272772,-0.00002443345462987967
8.142994999773851,0.24355393320458132,0.2443345462997039,-0.00002443345462987967,-0.000024355393320463214
8.143314999773851,0.24277581405398552,0.24355393320458132,-0.000024355393320463214,-0.000024277581405329762
8.14363499977385,0.24200018088012765,0.24277581405398552,-0.000024277581405329762,-0.000024200018088005315
8.14395499977385,0.2412270257406769,0.24200018088012765,-0.000024200018088005315,-0.000024122702574014276
8.14427499977385,0.24045634071867614,0.2412270257406769,-0.000024122702574014276,-0.000024045634071878652
8.144594999773851,0.23968811792246172,0.24045634071867614,-0.000024045634071878652,-0.00002396881179222987
8.144914999773851,0.2389223494855831,0.23968811792246172,-0.00002396881179222987,-0.000023892234948585944
8.145234999773852,0.23815902756672094,0.2389223494855831,-0.000023892234948585944,-0.000023815902756685325
8.14555499977385,0.23739814434960874,0.23815902756672094,-0.000023815902756685325,-0.000023739814434931006
8.14587499977385,0.2366396920429521,0.23739814434960874,-0.000023739814434931006,-0.00002366396920439051
8.14619499977385,0.23588366288034712,0.2366396920429521,-0.00002366396920439051,-0.000023588366288018747
8.146514999773851,0.23513004912020413,0.23588366288034712,-0.000023588366288018747,-0.000023513004911990265
8.146834999773851,0.234378843045666,0.23513004912020413,-0.000023513004911990265,-0.00002343788430458904
8.14715499977385,0.2336300369645294,0.234378843045666,-0.00002343788430458904,-0.000023363003696430518
8.14747499977385,0.2328836232091669,0.2336300369645294,-0.000023363003696430518,-0.00002328836232101672
8.14779499977385,0.23213959413644786,0.2328836232091669,-0.00002328836232101672,-0.00002321395941362603
8.148114999773851,0.23139794212766082,0.23213959413644786,-0.00002321395941362603,-0.00002313979421275647
8.148434999773851,0.23065865958843434,0.23139794212766082,-0.00002313979421275647,-0.000023065865958793452
8.148754999773852,0.2299217389486606,0.23065865958843434,-0.000023065865958793452,-0.000022992173894897938
8.14907499977385,0.22918717266241623,0.2299217389486606,-0.000022992173894897938,-0.000022918717266229294
8.14939499977385,0.22845495320788659,0.22918717266241623,-0.000022918717266229294,-0.000022845495320833464
8.14971499977385,0.22772507308728818,0.22845495320788659,-0.000022845495320833464,-0.000022772507308754797
8.150034999773851,0.22699752482679167,0.22772507308728818,-0.000022772507308754797,-0.000022699752482702173
8.150354999773851,0.22627230097644527,0.22699752482679167,-0.000022699752482702173,-0.000022627230097604922
8.15067499977385,0.2255493941100992,0.22627230097644527,-0.000022627230097604922,-0.000022554939411056907
8.15099499977385,0.22482879682532872,0.2255493941100992,-0.000022554939411056907,-0.00002248287968253937
8.15131499977385,0.22411050174335884,0.22482879682532872,-0.00002248287968253937,-0.000022411050174420133
8.15163499977385,0.22339450150898896,0.22411050174335884,-0.000022411050174420133,-0.0000223394501509544
8.151954999773851,0.2226807887905168,0.22339450150898896,-0.0000223394501509544,-0.00002226807887895088
8.152274999773852,0.22196935627966452,0.2226807887905168,-0.00002226807887895088,-0.000022196935627993852
8.15259499977385,0.22126019669150215,0.22196935627966452,-0.000022196935627993852,-0.000022126019669110875
8.15291499977385,0.2205533027643747,0.22126019669150215,-0.000022126019669110875,-0.000022055330276438134
8.15323499977385,0.21984866725982738,0.2205533027643747,-0.000022055330276438134,-0.000021984866725999197
8.153554999773851,0.2191462829625299,0.21984866725982738,-0.000021984866725999197,-0.00002191462829626012
8.153874999773851,0.21844614268020543,0.2191462829625299,-0.00002191462829626012,-0.000021844614268018425
8.15419499977385,0.21774823924355444,0.21844614268020543,-0.000021844614268018425,-0.00002177482392440311
8.15451499977385,0.2170525655061826,0.21774823924355444,-0.00002177482392440311,-0.000021705256550541563
8.15483499977385,0.2163591143445273,0.2170525655061826,-0.000021705256550541563,-0.000021635911434447763
8.15515499977385,0.21566787865778478,0.2163591143445273,-0.000021635911434447763,-0.000021566787865801018
8.155474999773851,0.2149788513678373,0.21566787865778478,-0.000021566787865801018,-0.00002149788513683415
8.155794999773851,0.21429202541917988,0.2149788513678373,-0.00002149788513683415,-0.000021429202541889403
8.15611499977385,0.21360739377884977,0.21429202541917988,-0.000021429202541889403,-0.000021360739377862537
8.15643499977385,0.2129249494363533,0.21360739377884977,-0.000021360739377862537,-0.00002129249494364771
8.15675499977385,0.21224468540359412,0.2129249494363533,-0.00002129249494364771,-0.00002122446854035953
8.157074999773851,0.2115665947148015,0.21224468540359412,-0.00002122446854035953,-0.000021156659471444073
8.157394999773851,0.21089067042646042,0.2115665947148015,-0.000021156659471444073,-0.000021089067042678877
8.157714999773852,0.21021690561723813,0.21089067042646042,-0.000021089067042678877,-0.000021021690561728867
8.15803499977385,0.20954529338791547,0.21021690561723813,-0.000021021690561728867,-0.000020954529338701455
8.15835499977385,0.2088758268613148,0.20954529338791547,-0.000020954529338701455,-0.000020887582686035522
8.15867499977385,0.20820849918222997,0.2088758268613148,-0.000020887582686035522,-0.00002082084991816835
8.158994999773851,0.20754330351735656,0.20820849918222997,-0.00002082084991816835,-0.000020754330351757666
8.159314999773851,0.20688023305522144,0.20754330351735656,-0.000020754330351757666,-0.000020688023305459602
8.15963499977385,0.20621928100611273,0.20688023305522144,-0.000020688023305459602,-0.000020621928100594822
8.15995499977385,0.2055604406020112,0.20621928100611273,-0.000020621928100594822,-0.000020556044060149326
8.16027499977385,0.2049037050965202,0.2055604406020112,-0.000020556044060149326,-0.000020490370509551603
8.160594999773851,0.20424906776479737,0.2049037050965202,-0.000020490370509551603,-0.00002042490677645059
8.160914999773851,0.20359652190348415,0.20424906776479737,-0.00002042490677645059,-0.000020359652190382604
8.16123499977385,0.20294606083063918,0.20359652190348415,-0.000020359652190382604,-0.000020294606082993383
8.16155499977385,0.20229767788566838,0.20294606083063918,-0.000020294606082993383,-0.000020229767788482178
8.16187499977385,0.2016513664292577,0.20229767788566838,-0.000020229767788482178,-0.00002016513664293562
8.16219499977385,0.2010071198433053,0.2016513664292577,-0.00002016513664293562,-0.000020100711984327724
8.162514999773851,0.20036493153085103,0.2010071198433053,-0.000020100711984327724,-0.000020036493153186008
8.162834999773851,0.1997247949160131,0.20036493153085103,-0.000020036493153186008,-0.00001997247949159231
8.16315499977385,0.19908670344391816,0.1997247949160131,-0.00001997247949159231,-0.000019908670344293
8.16347499977385,0.19845065058063482,0.19908670344391816,-0.000019908670344293,-0.00001984506505803285
8.16379499977385,0.19781662981310583,0.19845065058063482,-0.00001984506505803285,-0.000019781662981332993
8.164114999773851,0.19718463464908348,0.19781662981310583,-0.000019781662981332993,-0.000019718463464935
8.164434999773851,0.19655465861706056,0.19718463464908348,-0.000019718463464935,-0.00001965546586180089
8.164754999773852,0.19592669526620676,0.19655465861706056,-0.00001965546586180089,-0.00001959266952666905
8.16507499977385,0.1953007381663003,0.19592669526620676,-0.00001959266952666905,-0.00001953007381672034
8.16539499977385,0.1946767809076623,0.1953007381663003,-0.00001953007381672034,-0.000019467678090800966
8.16571499977385,0.19405481710109385,0.1946767809076623,-0.000019467678090800966,-0.0000194054817100886
8.166034999773851,0.1934348403778071,0.19405481710109385,-0.0000194054817100886,-0.000019343484037759318
8.166354999773851,0.19281684438936203,0.1934348403778071,-0.000019343484037759318,-0.00001928168443898759
8.16667499977385,0.19220082280760095,0.19281684438936203,-0.00001928168443898759,-0.00001922008228072425
8.16699499977385,0.19158676932458332,0.19220082280760095,-0.00001922008228072425,-0.00001915867693247364
8.16731499977385,0.19097467765252207,0.19158676932458332,-0.00001915867693247364,-0.000019097467765294418
8.16763499977385,0.19036454152371857,0.19097467765252207,-0.000019097467765294418,-0.000019036454152354665
8.167954999773851,0.18975635469049842,0.19036454152371857,-0.000019036454152354665,-0.000018975635469042906
8.168274999773852,0.18915011092514716,0.18975635469049842,-0.000018975635469042906,-0.000018915011092524026
8.16859499977385,0.18854580401984802,0.18915011092514716,-0.000018915011092524026,-0.000018854580401961307
8.16891499977385,0.1879434277866169,0.18854580401984802,-0.000018854580401961307,-0.00001879434277862746
8.16923499977385,0.18734297605723918,0.1879434277866169,-0.00001879434277862746,-0.00001873429760568257
8.169554999773851,0.1867444426832067,0.18734297605723918,-0.00001873429760568257,-0.00001867444426828513
8.169874999773851,0.18614782153565537,0.1867444426832067,-0.00001867444426828513,-0.000018614782153592024
8.17019499977385,0.18555310650530144,0.18614782153565537,-0.000018614782153592024,-0.000018555310650536505
8.17051499977385,0.1849602915023791,0.18555310650530144,-0.000018555310650536505,-0.000018496029150272264
8.17083499977385,0.18436937045657958,0.1849602915023791,-0.000018496029150272264,-0.00001843693704561833
8.17115499977385,0.18378033731698706,0.18436937045657958,-0.00001843693704561833,-0.000018378033731614174
8.171474999773851,0.18319318605201765,0.18378033731698706,-0.000018378033731614174,-0.000018319318605186652
8.171794999773851,0.1826079106493574,0.18319318605201765,-0.000018319318605186652,-0.00001826079106492795
8.17211499977385,0.18202450511590132,0.1826079106493574,-0.00001826079106492795,-0.00001820245051153968
8.17243499977385,0.18144296347769062,0.18202450511590132,-0.00001820245051153968,-0.000018144296347721856
8.17275499977385,0.18086327977985334,0.18144296347769062,-0.000018144296347721856,-0.000018086327977950845
8.173074999773851,0.1802854480865415,0.18086327977985334,-0.000018086327977950845,-0.000018028544808590397
8.173394999773851,0.17970946248087244,0.1802854480865415,-0.000018028544808590397,-0.000017970946248113684
8.17371499977385,0.17913531706486627,0.17970946248087244,-0.000017970946248113684,-0.00001791353170643717
8.17403499977385,0.17856300595938668,0.17913531706486627,-0.00001791353170643717,-0.000017856300595919805
8.17435499977385,0.17799252330407955,0.17856300595938668,-0.000017856300595919805,-0.000017799252330474857
8.17467499977385,0.1774238632573146,0.17799252330407955,-0.000017799252330474857,-0.000017742386325791948
8.174994999773851,0.17685701999612483,0.1774238632573146,-0.000017742386325791948,-0.000017685701999670123
8.175314999773851,0.1762919877161464,0.17685701999612483,-0.000017685701999670123,-0.000017629198771573762
8.17563499977385,0.1757287606315593,0.1762919877161464,-0.000017629198771573762,-0.000017572876063187692
8.17595499977385,0.17516733297502868,0.1757287606315593,-0.000017572876063187692,-0.000017516733297529008
8.17627499977385,0.1746076989976446,0.17516733297502868,-0.000017516733297529008,-0.00001746076989983525
8.176594999773851,0.17404985296886613,0.1746076989976446,-0.00001746076989983525,-0.000017404985296898268
8.176914999773851,0.1734937891764588,0.17404985296886613,-0.000017404985296898268,-0.00001734937891761934
8.177234999773852,0.1729395019264384,0.1734937891764588,-0.00001734937891761934,-0.000017293950192565077
8.17755499977385,0.17238698554301204,0.1729395019264384,-0.000017293950192565077,-0.00001723869855430049
8.17787499977385,0.1718362343685203,0.17238698554301204,-0.00001723869855430049,-0.000017183623436833884
8.17819499977385,0.17128724276337917,0.1718362343685203,-0.000017183623436833884,-0.00001712872427628298
8.178514999773851,0.17074000510602222,0.17128724276337917,-0.00001712872427628298,-0.000017074000510541865
8.178834999773851,0.17019451579284275,0.17074000510602222,-0.000017074000510541865,-0.000017019451579280975
8.17915499977385,0.1696507692381378,0.17019451579284275,-0.000017019451579280975,-0.000016965076923836087
8.17947499977385,0.16910875987404914,0.1696507692381378,-0.000016965076923836087,-0.00001691087598743035
8.17979499977385,0.16856848215050685,0.16910875987404914,-0.00001691087598743035,-0.00001685684821506328
8.180114999773851,0.1680299305351731,0.16856848215050685,-0.00001685684821506328,-0.00001680299305351074
8.180434999773851,0.16749309951338487,0.1680299305351731,-0.00001680299305351074,-0.000016749309951435976
8.18075499977385,0.16695798358809763,0.16749309951338487,-0.000016749309951435976,-0.0000166957983588345
8.18107499977385,0.16642457727982995,0.16695798358809763,-0.0000166957983588345,-0.000016642457727922277
8.18139499977385,0.16589287512660486,0.16642457727982995,-0.000016642457727922277,-0.00001658928751269162
8.18171499977385,0.1653628716838972,0.16589287512660486,-0.00001658928751269162,-0.00001653628716835609
8.182034999773851,0.1648345615245753,0.1653628716838972,-0.00001653628716835609,-0.000016483456152460718
8.182354999773851,0.16430793923884696,0.1648345615245753,-0.000016483456152460718,-0.000016430793923882803
8.18267499977385,0.1637829994342026,0.16430793923884696,-0.000016430793923882803,-0.00001637829994338702
8.18299499977385,0.163259736735362,0.1637829994342026,-0.00001637829994338702,-0.000016325973673514405
8.18331499977385,0.16273814578421802,0.163259736735362,-0.000016325973673514405,-0.000016273814578471324
8.183634999773851,0.1622182212397814,0.16273814578421802,-0.000016273814578471324,-0.00001622182212401846
8.183954999773851,0.16169995777812649,0.1622182212397814,-0.00001622182212401846,-0.00001616999577780387
8.184274999773852,0.16118335009233664,0.16169995777812649,-0.00001616999577780387,-0.000016118335009251972
8.18459499977385,0.1606683928924513,0.16118335009233664,-0.000016118335009251972,-0.000016066839289230472
8.18491499977385,0.16015508090540959,0.1606683928924513,-0.000016066839289230472,-0.000016015508090494457
8.18523499977385,0.15964340887499717,0.16015508090540959,-0.000016015508090494457,-0.000015964340887464346
8.185554999773851,0.1591333715617925,0.15964340887499717,-0.000015964340887464346,-0.000015913337156225893
8.185874999773851,0.15862496374311377,0.1591333715617925,-0.000015913337156225893,-0.000015862496374308144
8.18619499977385,0.15811818021296462,0.15862496374311377,-0.000015862496374308144,-0.000015811818021349566
8.18651499977385,0.157613015781981,0.15811818021296462,-0.000015811818021349566,-0.000015761301578098852
8.18683499977385,0.15710946527737846,0.157613015781981,-0.000015761301578098852,-0.000015710946527747183
8.18715499977385,0.15660752354289775,0.15710946527737846,-0.000015710946527747183,-0.000015660752354262897
8.187474999773851,0.15610718543875468,0.15660752354289775,-0.000015660752354262897,-0.00001561071854383478
8.187794999773852,0.15560844584158495,0.15610718543875468,-0.00001561071854383478,-0.0000155608445840949
8.18811499977385,0.1551112996443928,0.15560844584158495,-0.0000155608445840949,-0.000015511129964451698
8.18843499977385,0.15461574175649853,0.1551112996443928,-0.000015511129964451698,-0.000015461574175645865
8.18875499977385,0.15412176710348655,0.15461574175649853,-0.000015461574175645865,-0.00001541217671030548
8.189074999773851,0.1536293706271539,0.15412176710348655,-0.00001541217671030548,-0.000015362937062723958
8.189394999773851,0.15313854728545664,0.1536293706271539,-0.000015362937062723958,-0.000015313854728526977
8.189714999773852,0.1526492920524597,0.15313854728545664,-0.000015313854728526977,-0.000015264929205338618
8.19003499977385,0.15216159991828615,0.1526492920524597,-0.000015264929205338618,-0.000015216159991893186
8.19035499977385,0.1516754658890638,0.15216159991828615,-0.000015216159991893186,-0.000015167546588923386
8.19067499977385,0.15119088498687547,0.1516754658890638,-0.000015167546588923386,-0.000015119088498716238
8.190994999773851,0.15070785224970792,0.15119088498687547,-0.000015119088498716238,-0.000015070785224891026
8.191314999773851,0.15022636273140003,0.15070785224970792,-0.000015070785224891026,-0.00001502263627317646
8.19163499977385,0.14974641150159393,0.15022636273140003,-0.00001502263627317646,-0.000014974641150189427
8.19195499977385,0.1492679936456832,0.14974641150159393,-0.000014974641150189427,-0.000014926799364545218
8.19227499977385,0.14879110426476228,0.1492679936456832,-0.000014926799364545218,-0.000014879110426413433
8.192594999773851,0.14831573847557797,0.14879110426476228,-0.000014879110426413433,-0.000014831573847517987
8.192914999773851,0.14784189141047765,0.14831573847557797,-0.000014831573847517987,-0.000014784189141026083
8.19323499977385,0.1473695582173601,0.14784189141047765,-0.000014784189141026083,-0.000014736955821770259
8.19355499977385,0.14689873405962617,0.1473695582173601,-0.000014736955821770259,-0.000014689873405915321
8.19387499977385,0.14642941411612875,0.14689873405962617,-0.000014689873405915321,-0.000014642941411624477
8.19419499977385,0.14596159358112384,0.14642941411612875,-0.000014642941411624477,-0.000014596159358060135
8.194514999773851,0.14549526766422077,0.14596159358112384,-0.000014596159358060135,-0.000014549526766383103
8.194834999773851,0.14503043159033333,0.14549526766422077,-0.000014549526766383103,-0.00001450304315908646
8.19515499977385,0.14456708059963133,0.14503043159033333,-0.00001450304315908646,-0.000014456708059995549
8.19547499977385,0.14410520994749165,0.14456708059963133,-0.000014456708059995549,-0.000014410520994712073
8.19579499977385,0.14364481490444952,0.14410520994749165,-0.000014410520994712073,-0.000014364481490503067
8.196114999773851,0.1431858907561501,0.14364481490444952,-0.000014364481490503067,-0.000014318589075634769
8.196434999773851,0.14272843280329925,0.1431858907561501,-0.000014318589075634769,-0.000014272843280371816
8.196754999773852,0.14227243636161765,0.14272843280329925,-0.000014272843280371816,-0.00001422724363608907
8.19707499977385,0.14181789676179138,0.14227243636161765,-0.00001422724363608907,-0.000014181789676159795
8.19739499977385,0.14136480934942366,0.14181789676179138,-0.000014181789676159795,-0.000014136480934956452
8.19771499977385,0.14091316948498867,0.14136480934942366,-0.000014136480934956452,-0.000014091316948516841
8.198034999773851,0.14046297254378204,0.14091316948498867,-0.000014091316948516841,-0.000014046297254322049
8.198354999773851,0.1400142139158763,0.14046297254378204,-0.000014046297254322049,-0.00001400142139162952
8.19867499977385,0.13956688900607017,0.1400142139158763,-0.00001400142139162952,-0.00001395668890058488
8.19899499977385,0.1391209932338448,0.13956688900607017,-0.00001395668890058488,-0.00001391209932333215
8.19931499977385,0.13867652203331496,0.1391209932338448,-0.00001391209932333215,-0.000013867652203347625
8.199634999773851,0.1382334708531827,0.13867652203331496,-0.000013867652203347625,-0.000013823347085328841
8.199954999773851,0.13779183515669033,0.1382334708531827,-0.000013823347085328841,-0.000013779183515749693
8.200274999773852,0.13735161042157534,0.13779183515669033,-0.000013779183515749693,-0.0000137351610421943
8.20059499977385,0.1369127921400225,0.13735161042157534,-0.0000137351610421943,-0.000013691279214023133
8.20091499977385,0.13647537581861893,0.1369127921400225,-0.000013691279214023133,-0.000013647537581817915
8.20123499977385,0.13603935697830724,0.13647537581861893,-0.000013647537581817915,-0.000013603935697825698
8.201554999773851,0.13560473115433944,0.13603935697830724,-0.000013603935697825698,-0.00001356047311540376
8.201874999773851,0.13517149389623295,0.13560473115433944,-0.00001356047311540376,-0.000013517149389685734
8.20219499977385,0.13473964076772285,0.13517149389623295,-0.000013517149389685734,-0.000013473964076804457
8.20251499977385,0.13430916734671783,0.13473964076772285,-0.000013473964076804457,-0.000013430916734669118
8.20283499977385,0.13388006922525417,0.13430916734671783,-0.000013430916734669118,-0.000013388006922521178
8.20315499977385,0.13345234200945175,0.13388006922525417,-0.000013388006922521178,-0.000013345234200934364
8.203474999773851,0.1330259813194677,0.13345234200945175,-0.000013345234200934364,-0.000013302598131925691
8.203794999773852,0.13260098278945187,0.1330259813194677,-0.000013302598131925691,-0.000013260098278955468
8.20411499977385,0.13217734206750245,0.13260098278945187,-0.000013260098278955468,-0.000013217734206705245
8.20443499977385,0.131755054815622,0.13217734206750245,-0.000013217734206705245,-0.00001317550548152191
8.20475499977385,0.13133411670967163,0.131755054815622,-0.00001317550548152191,-0.000013133411670973594
8.205074999773851,0.13091452343932797,0.13133411670967163,-0.000013133411670973594,-0.000013091452343960697
8.205394999773851,0.13049627070803788,0.13091452343932797,-0.000013091452343960697,-0.000013049627070826908
8.20571499977385,0.13007935423297526,0.13049627070803788,-0.000013049627070826908,-0.000013007935423359207
8.20603499977385,0.12966376974499744,0.13007935423297526,-0.000013007935423359207,-0.000012966376974454796
8.20635499977385,0.12924951298860057,0.12966376974499744,-0.000012966376974454796,-0.000012924951298787235
8.20667499977385,0.12883657972187673,0.12924951298860057,-0.000012924951298787235,-0.000012883657972251328
8.206994999773851,0.1284249657164699,0.12883657972187673,-0.000012883657972251328,-0.000012842496571630058
8.207314999773851,0.1280146667575338,0.1284249657164699,-0.000012842496571630058,-0.000012801466675704809
8.20763499977385,0.12760567864368752,0.1280146667575338,-0.000012801466675704809,-0.00001276056786436719
